,RMSE,MSE,MAE,EVS,R2,Max Error
0,1.2427271335910712,1.5443707285634802,0.6590880702814962,-0.5662760898053509,-0.5681803171380819,29.870445109078446
