,RMSE,MSE,MAE,EVS,R2,Max Error
0,0.8144278697896925,0.6632927550901764,0.6300979239211975,0.3595788011410007,0.35872743211961944,5.546509744928289
