,RMSE,MSE,MAE,EVS,R2,Max Error
0,0.7685906383477605,0.5907315693558179,0.6053844400534473,0.35575373856973513,0.3550862592264069,3.731148866341016
