,RMSE,MSE,MAE,EVS,R2,Max Error
0,0.8268621177844994,0.6837009618270673,0.6528357452329068,0.3412988922815753,0.3407711047434534,3.4406161453034803
