,RMSE,MSE,MAE,EVS,R2,Max Error
0,0.8378078951169572,0.7019220691203063,0.6563749502737145,0.3159934995934417,0.3154737597526349,3.2898698986863106
