,RMSE,MSE,MAE,EVS,R2,Max Error
0,0.6508670354465104,0.42362789783092897,0.4680277058920463,0.5211476670958793,0.5186077653857195,3.6062311310186237
