,RMSE,MSE,MAE,EVS,R2,Max Error
0,0.6471626707194633,0.41881952237274855,0.47629887470696547,0.6006360049277305,0.59923006015533,4.923221640863775
