,RMSE,MSE,MAE,EVS,R2,Max Error
0,0.73691928022006,0.5430500255600513,0.5248963442338359,0.5153806275323614,0.5150365019679217,3.844109433469876
