,RMSE,MSE,MAE,EVS,R2,Max Error
0,0.6353813666399846,0.40370948107329446,0.4469852196724146,0.5580634520974634,0.5566246634251227,3.221766968949805
