,RMSE,MSE,MAE,EVS,R2,Max Error
0,0.6938142410981557,0.4813782011506097,0.4934247979395591,0.5391524058338022,0.5387712279194045,4.4837084784877534
