,RMSE,MSE,MAE,EVS,R2,Max Error
0,1.2041570643951476,1.4499942357327398,0.8458714982749247,0.06763335096296286,0.04367739545990468,4.335612425061471
