,RMSE,MSE,MAE,EVS,R2,Max Error
0,0.869162602758924,0.7554436300346671,0.6500562672331378,0.22577107658469875,0.20666606322214054,3.354770578371863
