,RMSE,MSE,MAE,EVS,R2,Max Error
0,0.7439254753733016,0.5534251129093927,0.5921548196010217,0.057077868494711415,0.050593111910340216,2.354158640585018
