,RMSE,MSE,MAE,EVS,R2,Max Error
0,0.9047313014151628,0.8185387277603741,0.6645309824775844,0.24040801062649386,0.23340766748108355,3.44666420285069
