,RMSE,MSE,MAE,EVS,R2,Max Error
0,0.9124641135396234,0.8325907584976509,0.6989215696131035,0.11438823452750324,0.10131056421098494,4.047699836422949
