,RMSE,MSE,MAE,EVS,R2,Max Error
0,0.7499250061224845,0.5623875148078084,0.5841846705375504,0.39728205719806897,0.3935665910667371,2.3986841466111564
