,RMSE,MSE,MAE,EVS,R2,Max Error
0,0.82701467435918,0.6839532716054204,0.6034327274627955,0.47567991292628586,0.4643639933196848,3.7574431720011305
