,RMSE,MSE,MAE,EVS,R2,Max Error
0,0.8197464458258787,0.6719842354441604,0.610793165598658,0.3246854661073679,0.31485320407272155,3.591578835968028
