,RMSE,MSE,MAE,EVS,R2,Max Error
0,0.7178565212646117,0.51531798512213,0.5263309686184523,0.4570417198208535,0.4570368442679471,2.920597912524382
