,RMSE,MSE,MAE,EVS,R2,Max Error
0,0.7538545116962782,0.568296624804834,0.573632774851466,0.3399577932995147,0.3398471453321539,3.068559687134208
