,RMSE,MSE,MAE,EVS,R2,Max Error
0,0.4550706560612432,0.20708930200801032,0.265670551633331,0.8327349003362671,0.8211458811291699,2.138381783313936
