,RMSE,MSE,MAE,EVS,R2,Max Error
0,0.3817164995900841,0.14570748605930667,0.24721422716478428,0.9489735809244316,0.9456618418434481,1.4199410186284642
