,RMSE,MSE,MAE,EVS,R2,Max Error
0,0.24691931281766352,0.06096914704234717,0.20036415833612473,0.8419138159635804,0.8363090148734831,0.5822897445729203
