,RMSE,MSE,MAE,EVS,R2,Max Error
0,0.2713941386747204,0.07365477850699335,0.2153772650638046,0.7667935738467435,0.7666735677164682,0.775200524634133
