,RMSE,MSE,MAE,EVS,R2,Max Error
0,0.29413232904848685,0.08651382699148734,0.2137307657289405,0.9037811974614255,0.9006977406648605,0.9043306873454919
