,RMSE,MSE,MAE,EVS,R2,Max Error
0,0.5598337651354954,0.31341384458578503,0.40119324539842677,0.680279838060825,0.6802793588320374,3.312879450617202
