,RMSE,MSE,MAE,EVS,R2,Max Error
0,0.5473549983719052,0.2995974942427083,0.39506440075271076,0.6916638783613518,0.6916286212211566,3.6482874504391503
