,RMSE,MSE,MAE,EVS,R2,Max Error
0,0.566970105515821,0.32145510054862125,0.40912754322816025,0.6828985203016662,0.6828556185235347,3.5024971061842063
