,RMSE,MSE,MAE,EVS,R2,Max Error
0,0.5361539151853396,0.28746102076856833,0.3876372314421146,0.7129406692965832,0.7129351735298417,3.6545664288453112
