,RMSE,MSE,MAE,EVS,R2,Max Error
0,0.5647195230782116,0.31890813974568283,0.40727716565699357,0.6913461608007108,0.6912334709576695,3.3366109006928943
