,RMSE,MSE,MAE,EVS,R2,Max Error
0,0.2534483558721173,0.06423606909427941,0.16867119510322967,0.9349334335297188,0.9349313928700935,2.2102771874533556
