,RMSE,MSE,MAE,EVS,R2,Max Error
0,0.6093447545920307,0.37130102994882214,0.17289349052543254,0.6198084849099961,0.6197631249966381,57.7028150702853
