,RMSE,MSE,MAE,EVS,R2,Max Error
0,0.4712954893493608,0.22211943828105346,0.1762549445857945,0.7842779496873722,0.7842161364153423,40.63529015508757
