,RMSE,MSE,MAE,EVS,R2,Max Error
0,0.3199078530169735,0.10234103442192953,0.17291679024829257,0.8994567382441564,0.8994536430070961,18.932668861273356
