,precision,recall,f1-score,support,ROC_AUC
Neutral or dissatisfied,0.9552474261042844,0.9769870923913044,0.9659949622166248,11776.0,
Satisfied,0.9689824882682844,0.9401443642420876,0.9543456205613796,9005.0,
accuracy,0.9610220874837592,0.9610220874837592,0.9610220874837592,0.9610220874837592,0.9944225015390001
macro avg,0.9621149571862844,0.958565728316696,0.9601702913890022,20781.0,
weighted avg,0.9611992202810236,0.9610220874837592,0.9609469702236754,20781.0,
