,precision,recall,f1-score,support,ROC_AUC
Neutral or dissatisfied,0.9539915443919424,0.9772418478260868,0.9654767397961324,11776.0,
Satisfied,0.969259004358798,0.9383675735702388,0.9535631665067992,9005.0,
accuracy,0.9603965160483132,0.9603965160483132,0.9603965160483132,0.9603965160483132,0.9941680950196751
macro avg,0.9616252743753702,0.9578047106981628,0.9595199531514658,20781.0,
weighted avg,0.9606073702425528,0.9603965160483132,0.9603142486999172,20781.0,
