,precision,recall,f1-score,support,ROC_AUC
Neutral or dissatisfied,0.9564490512413274,0.97171974522293,0.9640239278793497,11775.0,
Satisfied,0.9622320517182716,0.942143253747918,0.9520816967792616,9005.0,
accuracy,0.958902791145332,0.958902791145332,0.958902791145332,0.958902791145332,0.993604675864199
macro avg,0.9593405514797996,0.956931499485424,0.9580528123293056,20780.0,
weighted avg,0.9589551108801572,0.958902791145332,0.9588487695032046,20780.0,
