,precision,recall,f1-score,support,ROC_AUC
Neutral or dissatisfied,0.9477740427974092,0.9816576086956522,0.9644183039252492,11776.0,
Satisfied,0.9748369058713886,0.9292615213770128,0.9515037807720736,9005.0,
accuracy,0.958952889658823,0.958952889658823,0.958952889658823,0.958952889658823,0.9939536911860561
macro avg,0.961305474334399,0.9554595650363324,0.9579610423486614,20781.0,
weighted avg,0.9595011532339224,0.958952889658823,0.9588220727046948,20781.0,
