,precision,recall,f1-score,support,ROC_AUC
Neutral or dissatisfied,0.9497660674710664,0.9825917119565216,0.9659000793021412,11776.0,
Satisfied,0.9761572458711328,0.9320377568017768,0.95358745668352,9005.0,
accuracy,0.9606852413262116,0.9606852413262116,0.9606852413262116,0.9606852413262116,0.9940269634321514
macro avg,0.9629616566710996,0.9573147343791492,0.9597437679928306,20781.0,
weighted avg,0.96120211778109,0.9606852413262116,0.9605646687501616,20781.0,
