,precision,recall,f1-score,support,ROC_AUC
Neutral or dissatisfied,0.952597241721034,0.9796178343949044,0.9659186065985598,11775.0,
Satisfied,0.9723215315419214,0.936257634647418,0.953948857207513,9005.0,
accuracy,0.960827718960539,0.960827718960539,0.960827718960539,0.960827718960539,0.9939333396992235
macro avg,0.9624593866314776,0.9579377345211612,0.9599337319030364,20780.0,
weighted avg,0.9611447503753694,0.960827718960539,0.9607315231882432,20780.0,
