,precision,recall,f1-score,support,ROC_AUC
Neutral or dissatisfied,0.9555702917771884,0.9789402173913044,0.9671140939597316,11776.0,
Satisfied,0.9715498451302054,0.9404775124930594,0.9557612007674078,9005.0,
accuracy,0.9622732303546508,0.9622732303546508,0.9622732303546508,0.9622732303546508,0.9946699816149843
macro avg,0.9635600684536968,0.959708864942182,0.9614376473635696,20781.0,
weighted avg,0.9624946880018126,0.9622732303546508,0.9621945615408452,20781.0,
