,precision,recall,f1-score,support,ROC_AUC
Neutral or dissatisfied,0.9497821977480068,0.9813179347826086,0.9652925698534016,11776.0,
Satisfied,0.974460181100534,0.9321488062187674,0.952835007662183,9005.0,
accuracy,0.960011549011116,0.960011549011116,0.960011549011116,0.960011549011116,0.994161993714241
macro avg,0.9621211894242704,0.956733370500688,0.9590637887577924,20781.0,
weighted avg,0.9604758717814752,0.960011549011116,0.9598943528507587,20781.0,
