,precision,recall,f1-score,support,ROC_AUC
Neutral or dissatisfied,0.95375435106912,0.9772418478260868,0.9653552554315912,11776.0,
Satisfied,0.9692484222604704,0.9380344253192672,0.9533860045146728,9005.0,
accuracy,0.9602521534093644,0.9602521534093644,0.9602521534093644,0.9602521534093644,0.9944634378093088
macro avg,0.9615013866647952,0.9576381365726768,0.959370629973132,20781.0,
weighted avg,0.9604683740265384,0.9602521534093644,0.9601686376313484,20781.0,
