,precision,recall,f1-score,support,ROC_AUC
Neutral or dissatisfied,0.9523062958990016,0.9800441576086956,0.9659761456371628,11776.0,
Satisfied,0.9728700069268068,0.9358134369794558,0.9539820003396162,9005.0,
accuracy,0.9608777248448102,0.9608777248448102,0.9608777248448102,0.9608777248448102,0.9943337261304106
macro avg,0.9625881514129042,0.9579287972940758,0.9599790729883896,20781.0,
weighted avg,0.9612171383899976,0.9608777248448102,0.9607787403917748,20781.0,
