,RMSE,MSE,MAE,EVS,R2,Max Error
0,0.4263148484272625,0.18174434998955982,0.24561466028922818,0.8332553884870031,0.8328575788203747,2.670050276321439
