,RMSE,MSE,MAE,EVS,R2,Max Error
0,0.40541742078474763,0.16436328507575712,0.2426050260624392,0.8304900326624391,0.8304506917563345,1.8944273732983923
