,RMSE,MSE,MAE,EVS,R2,Max Error
0,0.3774359645470905,0.14245790733359256,0.2542278668806531,0.8817691153608117,0.8763367798183921,2.059275887424929
