,RMSE,MSE,MAE,EVS,R2,Max Error
0,0.3801671354659236,0.14452705088836593,0.2281909069381493,0.8659684732130516,0.8656342469172472,1.8101234887838928
