,RMSE,MSE,MAE,EVS,R2,Max Error
0,0.396415090211613,0.15714492374748126,0.23901536982210794,0.7848758969841401,0.7848701253502246,1.7420513341311463
