,RMSE,MSE,MAE,EVS,R2,Max Error
0,0.8344415828968085,0.6962927552673314,0.5399885761652474,0.34221789845764394,0.34150862143867,3.068603210367854
