,RMSE,MSE,MAE,EVS,R2,Max Error
0,0.6996901018250805,0.48956623859199155,0.4817230422172256,0.520748338314896,0.5207250496936915,2.598147546177506
