,RMSE,MSE,MAE,EVS,R2,Max Error
0,0.737281975573846,0.5435847115060732,0.4916374581447205,0.44532373263103797,0.43852680364350394,3.070607466948855
