,RMSE,MSE,MAE,EVS,R2,Max Error
0,0.7091294628594337,0.502864595095309,0.47869108094492857,0.40762741979093164,0.40615498475931766,3.6889136080860814
