,RMSE,MSE,MAE,EVS,R2,Max Error
0,0.7506863642611912,0.5635300174876857,0.5261466983724125,0.48362082853137156,0.4816673256942319,3.1032535335645983
