,RMSE,MSE,MAE,EVS,R2,Max Error
0,0.7394573811853735,0.5467972185895308,0.4949073668901053,0.5795391585328027,0.5717773555761752,3.53454085144567
