,RMSE,MSE,MAE,EVS,R2,Max Error
0,0.7020297350567064,0.4928457489037894,0.46640330910346145,0.4975862264671904,0.4975005841846558,3.5877339285431105
