,RMSE,MSE,MAE,EVS,R2,Max Error
0,0.6621703404768886,0.43846955980727853,0.44845990599328417,0.4907610332025112,0.4906587177230993,3.0974594064592234
