,RMSE,MSE,MAE,EVS,R2,Max Error
0,0.6582703894381189,0.43331990561101275,0.44748956718078003,0.5361277706411931,0.5327427074761268,3.335085347562405
