,RMSE,MSE,MAE,EVS,R2,Max Error
0,0.6156551799795625,0.3790313006356676,0.42452188778703076,0.6006369589780949,0.6006348758318767,2.9123609734134455
