,RMSE,MSE,MAE,EVS,R2,Max Error
0,0.792151459545096,0.6275039348594259,0.6090598535090628,0.3418003085538204,0.34102274849709036,2.7974627600660655
