,RMSE,MSE,MAE,EVS,R2,Max Error
0,0.8540268665088254,0.7293618887188831,0.6248092091084824,0.2201102284631533,0.21273468679675145,3.834723911993454
