,RMSE,MSE,MAE,EVS,R2,Max Error
0,0.6844368714643545,0.46845383101991334,0.5444020422468606,0.20190262829776529,0.1963622836264196,2.088363892744089
