,RMSE,MSE,MAE,EVS,R2,Max Error
0,1.0523256869178979,1.1073893513472255,0.6949552642907633,0.278602255026547,0.26963746294813407,4.3469442102462725
