,RMSE,MSE,MAE,EVS,R2,Max Error
0,0.8342699957453179,0.6960064258008928,0.6138022025627419,0.34976336023015264,0.3481637810067584,3.2664077337698045
