,RMSE,MSE,MAE,EVS,R2,Max Error
0,0.5782799764229051,0.3344077311316756,0.40774279968443317,0.6116236087492598,0.6115405077315261,2.7634708211788697
