,RMSE,MSE,MAE,EVS,R2,Max Error
0,0.6780274539752982,0.4597212283442251,0.4587685391895662,0.6457208359586675,0.6399706629687265,3.363696326490353
