,RMSE,MSE,MAE,EVS,R2,Max Error
0,0.6030443435296594,0.3636624802631179,0.4158060233605324,0.6292145250829315,0.6292142434166569,2.834345162351264
