,RMSE,MSE,MAE,EVS,R2,Max Error
0,0.5249314498733045,0.27555302706608964,0.379953907120313,0.7098248392203031,0.709664429600948,2.427209981731385
