,RMSE,MSE,MAE,EVS,R2,Max Error
0,0.5471536513668448,0.2993771182040707,0.39258860238190463,0.6829667399959871,0.6771758234868441,2.3720244496454783
