,RMSE,MSE,MAE,EVS,R2,Max Error
0,0.5291527133305636,0.28000259402509764,0.381573515629684,0.7289091645884873,0.7289017798387865,3.522300613055026
