,RMSE,MSE,MAE,EVS,R2,Max Error
0,0.5399625492356391,0.29155955457704996,0.38368892219262085,0.7123950888585278,0.7123502646494597,3.5707980071470002
