,RMSE,MSE,MAE,EVS,R2,Max Error
0,0.5100906414819015,0.2601924625274178,0.36411177189885063,0.7321920730666729,0.7321876519019145,4.184479169254756
