,RMSE,MSE,MAE,EVS,R2,Max Error
0,0.5008819608973671,0.25088273875239164,0.3594133087652139,0.7494632509234692,0.7494630413829374,3.0879022701929393
