,RMSE,MSE,MAE,EVS,R2,Max Error
0,0.5302963642987482,0.2812142339884707,0.3766966132586031,0.7131614875883145,0.713126919089428,3.56440069860789
