,RMSE,MSE,MAE,EVS,R2,Max Error
0,0.25370701919252936,0.06436725158755847,0.1885785032359611,0.9447839395869568,0.9444087745952975,0.7610886156456309
