,RMSE,MSE,MAE,EVS,R2,Max Error
0,0.39724946793820687,0.15780713977718844,0.26005548719276234,0.9441769299564671,0.9411495623776275,1.5543392946587904
