,RMSE,MSE,MAE,EVS,R2,Max Error
0,0.22206996501509232,0.049315069361804326,0.1602018122592398,0.8443843401181717,0.8437778318631127,0.7851793170716536
