,RMSE,MSE,MAE,EVS,R2,Max Error
0,0.3491775670024226,0.12192497329773133,0.23973913555140366,0.860289009658295,0.8600521357235462,1.0714583698830213
