,RMSE,MSE,MAE,EVS,R2,Max Error
0,0.2815815954711192,0.07928819490806102,0.19778355944526219,0.8200808744813951,0.7871257289463282,0.7370874130735583
