,RMSE,MSE,MAE,EVS,R2,Max Error
0,0.6860330457759919,0.47064133989668416,0.46011364217756817,0.6365991007810079,0.6314186095064585,3.4662001967719243
