,RMSE,MSE,MAE,EVS,R2,Max Error
0,0.6261010460688846,0.39200251988855156,0.41318356438385057,0.6003935456040228,0.600319090343633,2.7065691178784648
