,RMSE,MSE,MAE,EVS,R2,Max Error
0,0.5262500100460822,0.27693907307350163,0.37421148740936805,0.7093284376763829,0.7013712045009115,2.1826203938407325
