,RMSE,MSE,MAE,EVS,R2,Max Error
0,0.5778149096562843,0.33387006982110007,0.37930503569796686,0.6122855992461663,0.6121650735542472,2.7612932282652274
