,RMSE,MSE,MAE,EVS,R2,Max Error
0,0.5462437789381839,0.2983822660286675,0.38197518415140885,0.6861344535435894,0.6856104745907328,2.468972565386931
