,RMSE,MSE,MAE,EVS,R2,Max Error
0,0.7557192024686116,0.5711115129797943,0.5355588562901199,0.4907317269400313,0.4899765692572532,3.3746438356167525
