,RMSE,MSE,MAE,EVS,R2,Max Error
0,0.7245410504103569,0.5249597337297432,0.5156216231480281,0.4980379009510192,0.49701392210701445,3.652316195401167
