,RMSE,MSE,MAE,EVS,R2,Max Error
0,0.6902705819436032,0.4764734762967606,0.48403077940086514,0.4768165746090479,0.47671135351977556,3.5041283803146053
