,RMSE,MSE,MAE,EVS,R2,Max Error
0,0.6472120088386949,0.41888338438501893,0.478974033626005,0.5276875304691223,0.5239992231758663,3.8660670282046645
