,RMSE,MSE,MAE,EVS,R2,Max Error
0,0.722707498732143,0.5223061287236704,0.5301405353287312,0.5002447830471474,0.5002033462929425,5.407561665663534
