,RMSE,MSE,MAE,EVS,R2,Max Error
0,1.039442561945999,1.080440839584862,0.6989896792102377,0.2974891958837962,0.28741096185038273,4.2703022525369345
