,RMSE,MSE,MAE,EVS,R2,Max Error
0,0.8799725337002717,0.774351660066876,0.6457476605541215,0.17152499783385355,0.1641732154900547,3.8897210454174758
