,RMSE,MSE,MAE,EVS,R2,Max Error
0,0.6510796227553856,0.42390467516729513,0.5366157654810972,0.2730518787270777,0.27278685207924325,1.5305487358807173
