,RMSE,MSE,MAE,EVS,R2,Max Error
0,0.8099505241767135,0.656019851614133,0.6058861006169204,0.38724971485868065,0.38561271303119726,3.416491478512174
