,RMSE,MSE,MAE,EVS,R2,Max Error
0,0.8180895075779889,0.6692704424091964,0.6378583660510662,0.3063193558129249,0.29716138473338904,2.768787810848668
