,precision,recall,f1-score,support,ROC_AUC
Neutral or dissatisfied,0.9324799196787148,0.9464968152866242,0.939436085472247,11775.0,
Satisfied,0.9286361576801088,0.9103831204886176,0.9194190545617676,9005.0,
accuracy,0.9308469682386912,0.9308469682386912,0.9308469682386912,0.9308469682386912,0.9789759734801732
macro avg,0.930558038679412,0.9284399678876208,0.9294275700170072,20780.0,
weighted avg,0.9308142278212824,0.9308469682386912,0.930761717649876,20780.0,
