,precision,recall,f1-score,support,ROC_AUC
Neutral or dissatisfied,0.9345292983485624,0.946671195652174,0.9405610630668636,11776.0,
Satisfied,0.929055580659738,0.913270405330372,0.9210953687629502,9005.0,
accuracy,0.9321976805736008,0.9321976805736008,0.9321976805736008,0.9321976805736008,0.9785675285318544
macro avg,0.93179243950415,0.929970800491273,0.9308282159149068,20781.0,
weighted avg,0.9321573803567496,0.9321976805736008,0.9321260225391342,20781.0,
