,precision,recall,f1-score,support,ROC_AUC
Neutral or dissatisfied,0.9353283458021612,0.9555027173913044,0.9453079055700244,11776.0,
Satisfied,0.9401211290138268,0.9136035535813436,0.9266726740256812,9005.0,
accuracy,0.9373466146961168,0.9373466146961168,0.9373466146961168,0.9373466146961168,0.9809659639572217
macro avg,0.937724737407994,0.934553135486324,0.9359902897978528,20781.0,
weighted avg,0.937405195463922,0.9373466146961168,0.9372327282418492,20781.0,
