,precision,recall,f1-score,support,ROC_AUC
Neutral or dissatisfied,0.935689164294088,0.9488790760869564,0.9422379627287292,11776.0,
Satisfied,0.9318927480484218,0.9147140477512492,0.9232234924904732,9005.0,
accuracy,0.9340743948799384,0.9340743948799384,0.9340743948799384,0.9340743948799384,0.9797954186080197
macro avg,0.933790956171255,0.9317965619191028,0.9327307276096012,20781.0,
weighted avg,0.9340440688563216,0.9340743948799384,0.9339984504581216,20781.0,
