,precision,recall,f1-score,support,ROC_AUC
Neutral or dissatisfied,0.9408606660515058,0.9524456521739132,0.9466177153226148,11776.0,
Satisfied,0.9367945823927766,0.9217101610216546,0.9291911558914078,9005.0,
accuracy,0.9391270872431547,0.9391270872431547,0.9391270872431547,0.9391270872431547,0.9806226311469473
macro avg,0.9388276242221412,0.937077906597784,0.9379044356070112,20781.0,
weighted avg,0.9390987160324086,0.9391270872431547,0.9390662900938952,20781.0,
