,RMSE,MSE,MAE,EVS,R2,Max Error
0,0.975146550787333,0.9509107955124327,0.7315105770511463,0.03854109065079492,0.03853757870000052,3.9772932918551183
