,RMSE,MSE,MAE,EVS,R2,Max Error
0,0.9980516150788397,0.9961070263614804,0.7459397265176558,0.03261038880823519,0.032305212206908185,4.025262773851329
