,RMSE,MSE,MAE,EVS,R2,Max Error
0,0.986232047153896,0.9726536508333646,0.7353126886714875,0.04440481301154042,0.044403041658263254,4.053068006722748
