,RMSE,MSE,MAE,EVS,R2,Max Error
0,0.9727414092126843,0.9462258491970789,0.732727536754551,0.04155369331160208,0.041510495494344934,3.8147943982555366
