,RMSE,MSE,MAE,EVS,R2,Max Error
0,0.9659065362618565,0.9329754367933772,0.7229847099436173,0.04495240956004576,0.04457128871927141,3.9918667379573196
