,RMSE,MSE,MAE,EVS,R2,Max Error
0,0.7789430208518523,0.6067522297338092,0.5986039428111126,0.3941322375865157,0.3838934612978243,3.1356052587750742
