,RMSE,MSE,MAE,EVS,R2,Max Error
0,0.7747484875840875,0.600235219013831,0.5841365883777234,0.420450376538555,0.4196915656391996,4.455495089417277
