,RMSE,MSE,MAE,EVS,R2,Max Error
0,0.7557888141480785,0.5712167315913588,0.5909672412961307,0.37650803428810975,0.3763910068920705,3.5520324647435872
