,RMSE,MSE,MAE,EVS,R2,Max Error
0,0.8131428850061257,0.6612013514360855,0.6019182534443226,0.36047138113375854,0.3551852904236793,4.037370553681298
