,RMSE,MSE,MAE,EVS,R2,Max Error
0,0.7702434268942097,0.5932749366737357,0.6012499456283418,0.43012744899130306,0.4279604638237313,3.6548890798809803
