,RMSE,MSE,MAE,EVS,R2,Max Error
0,0.6832117849065692,0.4667783430352202,0.48823601854515275,0.4729046376443736,0.46957348471663773,4.557505841380082
