,RMSE,MSE,MAE,EVS,R2,Max Error
0,0.6825265118700714,0.4658424394055267,0.47881555619396393,0.4885413437232763,0.48838692662561256,3.4190933527248255
