,RMSE,MSE,MAE,EVS,R2,Max Error
0,0.7657454906823312,0.5863661565003242,0.5324815845673965,0.4394218954806356,0.4381778366660044,4.000199252232592
