,RMSE,MSE,MAE,EVS,R2,Max Error
0,0.6990986979753356,0.4887389895108095,0.5125219182923111,0.5337299695944587,0.5323238651428805,5.389942216916673
