,RMSE,MSE,MAE,EVS,R2,Max Error
0,0.8163152130948177,0.6663705271300376,0.5771793142987244,0.4052259424230735,0.4049067919862812,3.77200272083022
