,RMSE,MSE,MAE,EVS,R2,Max Error
0,0.7585830335978736,0.5754482188625526,0.5750009781555137,0.4390957367366154,0.43881319160017496,3.192514723407946
