,RMSE,MSE,MAE,EVS,R2,Max Error
0,0.726442959996414,0.5277193741283515,0.5599337299789694,0.49159005746302875,0.4898000082610472,3.7975173808117697
