,RMSE,MSE,MAE,EVS,R2,Max Error
0,0.7104448515686572,0.5047318871204114,0.5531507907534036,0.48757084450760524,0.4874866531882375,2.95333423660963
