,RMSE,MSE,MAE,EVS,R2,Max Error
0,0.7431987920092529,0.5523444444440128,0.5732295356299646,0.4675368386493637,0.46742590951039653,3.975427729182409
