,RMSE,MSE,MAE,EVS,R2,Max Error
0,0.7067976829148103,0.49956296457374466,0.5438286121718111,0.454973353323476,0.45461689039824704,3.4054207479466805
