,RMSE,MSE,MAE,EVS,R2,Max Error
0,0.6690340890108866,0.44760661225862686,0.45275793200842374,0.6568815590667018,0.649458189166713,3.6248889389269423
