,RMSE,MSE,MAE,EVS,R2,Max Error
0,0.5706481107786467,0.3256392663352387,0.401915843577284,0.6217262572729476,0.6217262572393826,2.503415431376876
