,RMSE,MSE,MAE,EVS,R2,Max Error
0,0.5243450366365074,0.27493771744534035,0.37071833488333933,0.7111579769160062,0.7103127486254726,2.5188506262046495
