,RMSE,MSE,MAE,EVS,R2,Max Error
0,0.545752741360661,0.29784605470267655,0.3896144685108394,0.6850987628889905,0.6788267990757333,2.457753154246273
