,RMSE,MSE,MAE,EVS,R2,Max Error
0,0.39818378842308844,0.15855032936296287,0.2607596763766545,0.8382621336129272,0.8382591776431778,2.759394258258708
