,RMSE,MSE,MAE,EVS,R2,Max Error
0,0.4110912496371008,0.16899601552819316,0.268453360291222,0.8332704911544131,0.8332702242857418,3.6033619114435314
