,RMSE,MSE,MAE,EVS,R2,Max Error
0,0.37927608747899433,0.14385035053337378,0.25363420430699873,0.8563695201966341,0.8563479117859947,2.7489962620146593
