,RMSE,MSE,MAE,EVS,R2,Max Error
0,0.40025398744338636,0.1602032544643305,0.26196647270112766,0.8448918401313324,0.844891375736965,2.912412880443289
