,RMSE,MSE,MAE,EVS,R2,Max Error
0,0.39642890180605295,0.15715587418715316,0.2571956375439852,0.8382417590475899,0.8382417258569366,3.1002719975177597
