,RMSE,MSE,MAE,EVS,R2,Max Error
0,0.27553230895896486,0.07591805328025847,0.2153044250990069,0.9129294759101458,0.9128597765557527,0.9461017678710806
