,RMSE,MSE,MAE,EVS,R2,Max Error
0,0.40489875351642024,0.16394300059915085,0.2515155255368363,0.8626224185920541,0.8584094850246444,1.9454604227598549
