,RMSE,MSE,MAE,EVS,R2,Max Error
0,0.21196875157622289,0.04493075164478249,0.14748586738135966,0.8865939227181499,0.8793691669312523,0.6575576975732877
