,RMSE,MSE,MAE,EVS,R2,Max Error
0,0.22584260842994164,0.05100488378243995,0.17189372590422167,0.8406164942789012,0.8384247729308842,0.5643475781220645
