,RMSE,MSE,MAE,EVS,R2,Max Error
0,0.6090362326023154,0.3709251326224217,0.40967000173010465,0.8741379362359906,0.8616722512632373,2.101438884960304
