,RMSE,MSE,MAE,EVS,R2,Max Error
0,0.8517512192536372,0.7254801395000575,0.5912277788337225,0.3222259250863674,0.3205605385866247,3.458239871900907
