,RMSE,MSE,MAE,EVS,R2,Max Error
0,1.0619080893241242,1.127648790172012,0.7654871494286359,0.2600865000557939,0.2562756447932846,4.033756026479012
