,RMSE,MSE,MAE,EVS,R2,Max Error
0,0.7280586773773507,0.5300694377044572,0.5800038956322426,0.09262711549228586,0.0906600304478461,2.266825557432247
