,RMSE,MSE,MAE,EVS,R2,Max Error
0,0.8081598585497758,0.6531223569711937,0.6141573882085276,0.3166375817569801,0.3141193994450465,2.9702913834923312
