,RMSE,MSE,MAE,EVS,R2,Max Error
0,0.855495323450699,0.7318722484460162,0.6383506199893488,0.21354122621475224,0.21002503173058718,3.9278958415289216
