,RMSE,MSE,MAE,EVS,R2,Max Error
0,0.9322149489383589,0.8690247110241471,0.7060854837446915,0.1676380433700183,0.16763167035489213,3.763780208426767
