,RMSE,MSE,MAE,EVS,R2,Max Error
0,0.9333724970916568,0.8711842183271149,0.7094581990184348,0.17994389650648424,0.17891153172715668,4.1450296412561265
