,RMSE,MSE,MAE,EVS,R2,Max Error
0,0.9035872360478505,0.8164698931485939,0.6913085493123977,0.1634145255954691,0.16333802507288986,3.537671921326563
