,RMSE,MSE,MAE,EVS,R2,Max Error
0,0.9017828891474324,0.8132123791590904,0.6862268007854692,0.14796092903500058,0.1473277889275323,3.644003628108483
