,RMSE,MSE,MAE,EVS,R2,Max Error
0,0.8947823885406184,0.8006355228424543,0.6779709552830232,0.17103339045687838,0.1709642991630037,3.5507784484820912
