,RMSE,MSE,MAE,EVS,R2,Max Error
0,0.9728053575521404,0.9463502636821476,0.733889572829581,0.041496536418877406,0.0413844685228264,3.820240782779187
