,RMSE,MSE,MAE,EVS,R2,Max Error
0,0.998049983598792,0.996103769761549,0.7459857369529544,0.03256408058086013,0.03230837591793123,4.0517672606505695
