,RMSE,MSE,MAE,EVS,R2,Max Error
0,0.9750238688842143,0.9506715448939416,0.7316348315432126,0.03877957695900658,0.03877948412376642,3.94724292473819
