,RMSE,MSE,MAE,EVS,R2,Max Error
0,0.9659094897097612,0.9329811423113712,0.7221138671760013,0.044910320669674375,0.04456544589052258,3.9903137985423416
