,RMSE,MSE,MAE,EVS,R2,Max Error
0,0.9864425727972498,0.9730689494268575,0.735876383075634,0.04399716837340306,0.04399502584255599,4.048080796687424
