,RMSE,MSE,MAE,EVS,R2,Max Error
0,0.9038025543425952,0.8168590572361997,0.5779504789646095,0.22754381324195694,0.22748780219139753,4.020453267917464
