,RMSE,MSE,MAE,EVS,R2,Max Error
0,0.7915394893156183,0.6265347631460298,0.5504652981017417,0.2665624686556658,0.26010987928320295,3.0955634162684778
