,RMSE,MSE,MAE,EVS,R2,Max Error
0,0.8120004229269046,0.6593446868334718,0.5479958476602759,0.32379531590830124,0.31895735663469604,3.1499394719233953
