,RMSE,MSE,MAE,EVS,R2,Max Error
0,0.8281517779418949,0.6858353673083216,0.5405325889299722,0.3293754117964799,0.32858174099103066,3.770273144391961
