,RMSE,MSE,MAE,EVS,R2,Max Error
0,0.875208652442116,0.7659901853095447,0.5695078668563184,0.30568064236660697,0.29544526658308257,3.8840345511439462
