,RMSE,MSE,MAE,EVS,R2,Max Error
0,0.33893386653901963,0.11487616588708997,0.22747784414267144,0.8918625959816693,0.8917295640749648,2.1056684598130495
