,RMSE,MSE,MAE,EVS,R2,Max Error
0,0.2989064158843687,0.08934504545683919,0.203393954979519,0.9094209056050796,0.9084453660702624,2.8373897286228114
