,RMSE,MSE,MAE,EVS,R2,Max Error
0,0.30392170080103287,0.09236840021779255,0.20287042141264683,0.9043702317575733,0.9043551038831208,2.5451345982730507
