,RMSE,MSE,MAE,EVS,R2,Max Error
0,0.28507897334996,0.08127002104626722,0.19079540871167008,0.9221609976075436,0.9221580343914701,2.546886816043162
