,RMSE,MSE,MAE,EVS,R2,Max Error
0,0.32631543125237084,0.10648176067342074,0.21277351101954725,0.8884389783737185,0.8883513819524226,2.999541783454997
