,RMSE,MSE,MAE,EVS,R2,Max Error
0,0.1449492133946952,0.021010274463740885,0.08071940166344868,0.9787606067111878,0.978717419760444,1.6946874541033612
