,RMSE,MSE,MAE,EVS,R2,Max Error
0,0.14659858633388154,0.02149114551509252,0.08111515574450005,0.9791372454274978,0.9791218524232045,2.3767307635826143
