,RMSE,MSE,MAE,EVS,R2,Max Error
0,0.21869675024383117,0.04782826856721267,0.08265796546230844,0.9513122407199828,0.9510206815765495,15.46777462442032
