,RMSE,MSE,MAE,EVS,R2,Max Error
0,0.1527511384794615,0.023332910306771624,0.08364898127101465,0.976424200943214,0.976408179878287,4.03609356227263
