,RMSE,MSE,MAE,EVS,R2,Max Error
0,0.17762606289547736,0.03155101821974808,0.09844552267499918,0.9693230332990109,0.9690022681583074,1.9139685026231603
