,RMSE,MSE,MAE,EVS,R2,Max Error
0,0.5589567685428527,0.3124326690998682,0.4150082343636716,0.6698882030393267,0.663097768717179,2.1516480136496448
