,RMSE,MSE,MAE,EVS,R2,Max Error
0,0.6230228013379949,0.3881574109870427,0.43520909121537943,0.6043778015480623,0.6042395157121224,2.82010165454158
