,RMSE,MSE,MAE,EVS,R2,Max Error
0,0.6890062040145375,0.4747295491705225,0.47048237030381607,0.6345880864799476,0.6282169403562076,3.6067573158823323
