,RMSE,MSE,MAE,EVS,R2,Max Error
0,0.5840750328078956,0.34114364394954433,0.40265906453002687,0.603794807157566,0.6037158403282367,2.590721390690984
