,RMSE,MSE,MAE,EVS,R2,Max Error
0,0.5778636991550563,0.33392645480116545,0.40959372749566625,0.6486528190367249,0.6481594531611636,2.8298910146248737
