,RMSE,MSE,MAE,EVS,R2,Max Error
0,0.40183838686629947,0.16147408915930975,0.2951048929054913,0.6692880702760272,0.5664716662587435,1.1003979753222923
