,RMSE,MSE,MAE,EVS,R2,Max Error
0,0.43923051710464595,0.19292344715601467,0.25112058978299584,0.8358660914496594,0.8333803203929989,2.1905395925147695
