,RMSE,MSE,MAE,EVS,R2,Max Error
0,1.3137850128874737,1.7260310600877395,0.772528235348013,0.35711870575569715,0.3563175697918929,3.658570955698163
