,RMSE,MSE,MAE,EVS,R2,Max Error
0,1.0255000948074722,1.0516504444501344,0.4394629167932999,-0.1287290057462025,-0.2071049079238818,5.961036341336072
