,RMSE,MSE,MAE,EVS,R2,Max Error
0,0.2527501013939614,0.06388261375465779,0.18530670209034786,0.8148532704280784,0.7976302060170348,0.8824222087118853
