,RMSE,MSE,MAE,EVS,R2,Max Error
0,0.48242471615558186,0.2327336067577937,0.31971738960926355,0.9182771408218071,0.9132075099614143,2.0173335578062943
