,RMSE,MSE,MAE,EVS,R2,Max Error
0,0.25957928388036766,0.0673814046198445,0.19541905988501246,0.8233428535717865,0.8190932785434919,0.6471918534181234
