,RMSE,MSE,MAE,EVS,R2,Max Error
0,0.23977458923700645,0.05749185364377517,0.1657366435212119,0.8321896852023745,0.8178751010052204,0.7127976847201496
