,RMSE,MSE,MAE,EVS,R2,Max Error
0,0.3012064948390608,0.09072535253323318,0.20500556575441822,0.8964182053714334,0.8958636694407988,1.1743627858186638
