,RMSE,MSE,MAE,EVS,R2,Max Error
0,0.34703548806647094,0.12043362997753371,0.2532517981656179,0.9039249803946207,0.8959866561759225,1.4175736497258327
