,RMSE,MSE,MAE,EVS,R2,Max Error
0,1.6845055358604792,2.8375589003446007,1.2176534653212907,-2.2547769497515864,-2.2570054937978705,4.899902075139561
