,RMSE,MSE,MAE,EVS,R2,Max Error
0,1.2100630973783453,1.4642526996368748,0.896876359157513,-0.17433273502952495,-0.2646120483213452,3.7531033664839106
