,RMSE,MSE,MAE,EVS,R2,Max Error
0,1.1614064542597915,1.3488649519963012,0.9430504161903464,-2.619580951666943,-2.6214551704577405,3.2407649319138985
