,RMSE,MSE,MAE,EVS,R2,Max Error
0,1.703383790206653,2.901516336738783,1.3283527213672948,-8.191403936142864,-8.19153473524278,3.526061136641839
