,RMSE,MSE,MAE,EVS,R2,Max Error
0,2.6866067033515715,7.217855578493598,1.9646821721485515,-1.5855405709979746,-1.691728397645249,6.041057600922971
