,RMSE,MSE,MAE,EVS,R2,Max Error
0,0.4983374807412483,0.248340244711534,0.2853063049608829,0.7878342557784506,0.7855192169881876,2.5548433486664517
