,RMSE,MSE,MAE,EVS,R2,Max Error
0,82.79401767073443,6854.849362061885,19.234482843178018,-2419.53138389207,-2555.353821267963,374.51923899608903
