,RMSE,MSE,MAE,EVS,R2,Max Error
0,0.2606298105569268,0.06792789815093954,0.19684746661390568,0.8361708356394489,0.817626043576139,0.7191140852852321
