,RMSE,MSE,MAE,EVS,R2,Max Error
0,0.36879571382615783,0.1360102785365453,0.2102406286454464,0.573569917617056,0.569141423162268,1.547462475728183
