,RMSE,MSE,MAE,EVS,R2,Max Error
0,0.4916744613590574,0.24174377595271923,0.25395529265108224,0.7286752028876291,0.7225217752224178,2.225505572407682
