,precision,recall,f1-score,support,ROC_AUC
Neutral or dissatisfied,0.9535256410256412,0.9600033967391304,0.9567535545023698,11776.0,
Satisfied,0.9472268907563024,0.938811771238201,0.9430005577244842,9005.0,
accuracy,0.9508204609980272,0.9508204609980272,0.9508204609980272,0.9508204609980272,0.9629554289736377
macro avg,0.9503762658909718,0.9494075839886658,0.949877056113427,20781.0,
weighted avg,0.9507962128857348,0.9508204609980272,0.9507939887459164,20781.0,
