,precision,recall,f1-score,support,ROC_AUC
Neutral or dissatisfied,0.9493052631578948,0.9572860054347826,0.9532789311234198,11776.0,
Satisfied,0.943521221648327,0.9331482509716824,0.938306068896209,9005.0,
accuracy,0.9468264279871036,0.9468264279871036,0.9468264279871036,0.9468264279871036,0.9561949892345436
macro avg,0.9464132424031108,0.9452171282032324,0.9457925000098144,20781.0,
weighted avg,0.946798873003732,0.9468264279871036,0.946790762875692,20781.0,
