,precision,recall,f1-score,support,ROC_AUC
Neutral or dissatisfied,0.9507012681615856,0.9612771739130436,0.9559599712874214,11776.0,
Satisfied,0.9486139283299526,0.9348139922265408,0.941663403993512,9005.0,
accuracy,0.9498099225253838,0.9498099225253838,0.9498099225253838,0.9498099225253838,0.9590286778329673
macro avg,0.9496575982457692,0.948045583069792,0.9488116876404666,20781.0,
weighted avg,0.9497967642790076,0.9498099225253838,0.9497648609230668,20781.0,
