,precision,recall,f1-score,support,ROC_AUC
Neutral or dissatisfied,0.952762547448334,0.9591542119565216,0.9559476958232832,11776.0,
Satisfied,0.9461124803943536,0.937812326485286,0.941944119123306,9005.0,
accuracy,0.9499061642846832,0.9499061642846832,0.9499061642846832,0.9499061642846832,0.9553982219268281
macro avg,0.9494375139213438,0.948483269220904,0.9489459074732948,20781.0,
weighted avg,0.9498808837256502,0.9499061642846832,0.949879546639736,20781.0,
