,precision,recall,f1-score,support,ROC_AUC
Neutral or dissatisfied,0.9505092163959262,0.9590658174097664,0.9547683462969226,11775.0,
Satisfied,0.9458366108551522,0.9347029428095502,0.9402368185880252,9005.0,
accuracy,0.9485081809432148,0.9485081809432148,0.9485081809432148,0.9485081809432148,0.9559623375077069
macro avg,0.9481729136255392,0.9468843801096584,0.947502582442474,20780.0,
weighted avg,0.9484843457080212,0.9485081809432148,0.948471117855218,20780.0,
