,RMSE,MSE,MAE,EVS,R2,Max Error
0,0.41442940799764005,0.17175173421327442,0.22561106099944953,0.8427201624371123,0.8420473555306934,1.7963588615816275
