,RMSE,MSE,MAE,EVS,R2,Max Error
0,0.345235859612858,0.11918779876262901,0.19470215335446842,0.8972752087187981,0.8965368277744694,2.032923012312328
