,RMSE,MSE,MAE,EVS,R2,Max Error
0,0.38045416816528166,0.14474537407433644,0.2094915978339174,0.8024997725172682,0.8018449884465584,1.8715864600384438
