,RMSE,MSE,MAE,EVS,R2,Max Error
0,0.36749756321746785,0.13505445897077678,0.21116415236293953,0.8750429975118952,0.8744408470576983,1.7912154718909268
