,RMSE,MSE,MAE,EVS,R2,Max Error
0,0.3825575838071242,0.14635030492834483,0.20763445128636118,0.8490360932454808,0.8490320210476842,1.8873358770178443
