,RMSE,MSE,MAE,EVS,R2,Max Error
0,0.8045956743818439,0.6473741992339741,0.6354203458459478,0.3761529107018776,0.37579760449927635,3.477592402038986
