,RMSE,MSE,MAE,EVS,R2,Max Error
0,0.8335580482348002,0.6948190197770094,0.6430467286121806,0.3224096640149984,0.32240077327046335,3.466826858312093
