,RMSE,MSE,MAE,EVS,R2,Max Error
0,0.7735097365435503,0.5983173125276726,0.6101891027298929,0.3925436339582793,0.3924584197593567,3.0139781864843314
