,RMSE,MSE,MAE,EVS,R2,Max Error
0,0.7950110204351148,0.6320425226132825,0.6142555649810691,0.38976843480911916,0.3889402102232973,4.201490193421744
