,RMSE,MSE,MAE,EVS,R2,Max Error
0,0.7689417255829702,0.5912713773425159,0.6013264365787317,0.3550848802872335,0.35449693980272956,3.509906370149793
