,RMSE,MSE,MAE,EVS,R2,Max Error
0,0.34065792918954446,0.1160478247197087,0.22593055812848137,0.8816509536418178,0.8783211399262943,2.1984594914436
