,RMSE,MSE,MAE,EVS,R2,Max Error
0,0.347636362235861,0.12085104034858275,0.24282415358870255,0.886303555308263,0.8860982631210401,2.101457142497278
