,RMSE,MSE,MAE,EVS,R2,Max Error
0,0.3593334110906393,0.1291205003260344,0.2551155242305688,0.8691194541098779,0.8662993316856845,2.083720602110499
