,RMSE,MSE,MAE,EVS,R2,Max Error
0,0.27441613742352416,0.07530421647844651,0.181729174770359,0.9279190249117727,0.9278721950132711,2.354123100060725
