,RMSE,MSE,MAE,EVS,R2,Max Error
0,0.27767481952896916,0.0771033054004456,0.18715433522987143,0.9216443661098047,0.920989856072985,2.8216922493747645
