,RMSE,MSE,MAE,EVS,R2,Max Error
0,0.3739015207229256,0.13980234719891638,0.2004443477598415,0.8561435037892017,0.855786581245977,1.9064815089850777
