,RMSE,MSE,MAE,EVS,R2,Max Error
0,0.36392902823075896,0.13244433758898455,0.21998356285591505,0.8860093143675324,0.885029244163187,2.0189718461902597
