,RMSE,MSE,MAE,EVS,R2,Max Error
0,0.3635727443670517,0.13218514044658955,0.21088391487562377,0.877746697833549,0.8771084317206864,1.7926171782262081
