,RMSE,MSE,MAE,EVS,R2,Max Error
0,0.3932824613503523,0.15467109440579133,0.23082602973556393,0.7882615050403152,0.7882567736968036,1.7388717151855824
