,RMSE,MSE,MAE,EVS,R2,Max Error
0,0.41148880467963783,0.16932303637667712,0.22368703213968896,0.8451612999113101,0.8442809239290833,2.4913304633649203
