,RMSE,MSE,MAE,EVS,R2,Max Error
0,0.3232671645647556,0.10450165968573681,0.20296120277896118,0.9015345148814421,0.9015075045228687,2.868679231979084
