,RMSE,MSE,MAE,EVS,R2,Max Error
0,0.32087483183554727,0.10296065770549073,0.18739272699283424,0.9014966493011536,0.9013823317262383,3.316939306443014
