,RMSE,MSE,MAE,EVS,R2,Max Error
0,0.3353446037756627,0.11245600328145623,0.19544125944832924,0.8835727788382461,0.8835549524922652,3.3240520173934462
