,RMSE,MSE,MAE,EVS,R2,Max Error
0,0.3256698328794224,0.10606084004771091,0.19721713004064664,0.8888466229756489,0.8887927270792406,3.268401654598864
