,RMSE,MSE,MAE,EVS,R2,Max Error
0,0.31881956892285357,0.10164591752815418,0.18558438889741863,0.8960152116339074,0.8958402816613029,3.2559676256644563
