,RMSE,MSE,MAE,EVS,R2,Max Error
0,0.4965061485142374,0.246518355512442,0.34452519385851166,0.7485225274053255,0.7485209793834217,3.3649915528269534
