,RMSE,MSE,MAE,EVS,R2,Max Error
0,0.4696273830927305,0.22054987895052627,0.32882621676659524,0.7797555192423906,0.7797540947997985,3.068637161736871
