,RMSE,MSE,MAE,EVS,R2,Max Error
0,0.5115758637459282,0.2617098643673925,0.3523777877782452,0.7418162337047604,0.7417996699401188,5.619955774156638
