,RMSE,MSE,MAE,EVS,R2,Max Error
0,0.48649189514454755,0.23667436404133343,0.33321229341534775,0.7563949653484201,0.756394491397492,4.274055121010955
