,RMSE,MSE,MAE,EVS,R2,Max Error
0,0.4882542524254058,0.2383922150114919,0.34152014524410923,0.7692111940229556,0.7691889054995256,3.4973005042302154
