,RMSE,MSE,MAE,EVS,R2,Max Error
0,0.8341183345488153,0.6957533960304895,0.6522202453527491,0.3223098320021158,0.3214895537891146,3.3350703721520882
