,RMSE,MSE,MAE,EVS,R2,Max Error
0,0.8307825250585938,0.6901996039427332,0.630552369692747,0.3343835664073288,0.3327138447182275,7.8784877490490075
