,RMSE,MSE,MAE,EVS,R2,Max Error
0,0.7698324665800087,0.5926420266006602,0.6085982127981809,0.35352270248591355,0.3530005739638049,3.5782000362562822
