,RMSE,MSE,MAE,EVS,R2,Max Error
0,0.825623266607563,0.6816537783637431,0.6514233471770353,0.3431137482576878,0.34274501229699594,3.4059144137963075
