,RMSE,MSE,MAE,EVS,R2,Max Error
0,0.8159567725948488,0.6657854547434017,0.6384940542811124,0.32431447735174856,0.32395012010063884,4.307637942371559
