,RMSE,MSE,MAE,EVS,R2,Max Error
0,0.7795540320985546,0.6077044889611142,0.6158425088844515,0.33754626750711925,0.3365565756233493,3.448049072133245
