,RMSE,MSE,MAE,EVS,R2,Max Error
0,0.8054934804651566,0.6488197470718715,0.6276566637221968,0.37328702972823347,0.37271996097754423,4.241791831012133
