,RMSE,MSE,MAE,EVS,R2,Max Error
0,0.8101949046927567,0.6564157835901051,0.6368280618408508,0.33353204836172945,0.33346424362609783,4.100669902328496
