,RMSE,MSE,MAE,EVS,R2,Max Error
0,0.824961485363121,0.6805614523325269,0.6504647779232725,0.34465325866252106,0.3437982401305423,3.414289095340187
