,RMSE,MSE,MAE,EVS,R2,Max Error
0,0.8441412973841156,0.7125745299493378,0.6548112541517832,0.3050992623808225,0.3050853002904357,3.60923394778391
