,RMSE,MSE,MAE,EVS,R2,Max Error
0,0.21106953168227482,0.04455034720457481,0.13787838535914101,0.954792830549097,0.9543774904052457,1.768579372248464
