,RMSE,MSE,MAE,EVS,R2,Max Error
0,0.2175937874919204,0.04734705635507902,0.13645453433096455,0.9540725869822189,0.9540034369403907,2.158564889101413
