,RMSE,MSE,MAE,EVS,R2,Max Error
0,0.21670652444777844,0.04696171773823559,0.1317596428316015,0.9538731198439939,0.9538618144385608,2.543511465138451
