,RMSE,MSE,MAE,EVS,R2,Max Error
0,0.2246907061779847,0.05048591344276145,0.13735154353404286,0.9490528930786477,0.9489538778933918,2.6116244328638554
