,RMSE,MSE,MAE,EVS,R2,Max Error
0,0.21314328861098064,0.04543006147990379,0.13653797635273054,0.9540112058230273,0.9539811376380344,2.232590047716032
