,RMSE,MSE,MAE,EVS,R2,Max Error
0,0.8058557292027801,0.6494034562889446,0.5711391441874138,0.36772831419295693,0.36424780814793656,2.7424044788717135
