,RMSE,MSE,MAE,EVS,R2,Max Error
0,0.8750505446884853,0.7657134557596149,0.6418103559690157,0.3054080165222933,0.29569980132519613,3.0172651606112373
