,RMSE,MSE,MAE,EVS,R2,Max Error
0,0.8768106241709491,0.7687968706590493,0.6209111142034561,0.2734134429762132,0.2729407172999406,3.1691725850802444
