,RMSE,MSE,MAE,EVS,R2,Max Error
0,0.8480237530227168,0.7191442856907337,0.6312193988056481,0.15158363377022066,0.15074504456747084,3.116441316275849
