,RMSE,MSE,MAE,EVS,R2,Max Error
0,0.8260769927818515,0.6824031980035071,0.6030062493491485,0.3069609427164114,0.2951400275306617,3.238772470510378
