,RMSE,MSE,MAE,EVS,R2,Max Error
0,0.17713328200994827,0.03137619959561586,0.08645789809298704,0.9682175605105523,0.9682171460130882,2.0936765208479047
