,RMSE,MSE,MAE,EVS,R2,Max Error
0,0.18314878867119713,0.033543478791726825,0.08820653039187493,0.9656496462179202,0.9656492535066069,3.318652356714439
