,RMSE,MSE,MAE,EVS,R2,Max Error
0,0.18404726457620002,0.03387339559798177,0.08803534538730076,0.9667214471417526,0.9667206165582128,2.1043656509903497
