,RMSE,MSE,MAE,EVS,R2,Max Error
0,0.18090439239741657,0.032726399188678465,0.08832824432545848,0.9682070737662813,0.9682070650241276,3.998485570094191
