,RMSE,MSE,MAE,EVS,R2,Max Error
0,0.18710660583758176,0.035008881948060185,0.08988285927554654,0.964611409049056,0.9646026477313795,1.9005018842829169
