,RMSE,MSE,MAE,EVS,R2,Max Error
0,0.6773620850874134,0.4588193943139683,0.49416165293746767,0.5615823611732875,0.560954035721565,5.185040731320042
