,RMSE,MSE,MAE,EVS,R2,Max Error
0,0.7092613270113742,0.5030516299939356,0.5028585467153157,0.5184463893403406,0.5180050009729213,3.531125835653586
