,RMSE,MSE,MAE,EVS,R2,Max Error
0,0.7452679416040019,0.555424304782666,0.5284317185661318,0.5045380935465703,0.5039858188724999,3.1815529063290002
