,RMSE,MSE,MAE,EVS,R2,Max Error
0,0.6607397597210722,0.43657703007626025,0.46519223385218345,0.5209555699035846,0.5205277638357482,3.665762885633714
