,RMSE,MSE,MAE,EVS,R2,Max Error
0,0.6325238174231217,0.40008637960751864,0.4610932250316474,0.5483579552940202,0.5453593181559839,3.5457592008879217
