,RMSE,MSE,MAE,EVS,R2,Max Error
0,0.6075676730543004,0.36913847734061717,0.4293477926171236,0.5805297091277232,0.5805271621652421,3.5553344571836143
