,RMSE,MSE,MAE,EVS,R2,Max Error
0,0.6645334335005657,0.4416046842400507,0.4702502540320962,0.5796437357154639,0.5768799131945908,3.1082003117284613
