,RMSE,MSE,MAE,EVS,R2,Max Error
0,0.6337280822365775,0.40161128221525033,0.43781940524026985,0.5636430343409281,0.5589290175919188,3.016357218588954
