,RMSE,MSE,MAE,EVS,R2,Max Error
0,0.7164964710918221,0.5133671930870344,0.510111712826825,0.5417076270744909,0.5415443550018457,3.2157894857940423
