,RMSE,MSE,MAE,EVS,R2,Max Error
0,0.6283029032601332,0.3947645382451122,0.4551233625045052,0.6222625611063508,0.6222483628533052,5.093536458132692
