,RMSE,MSE,MAE,EVS,R2,Max Error
0,0.8734585308039782,0.7629298050342441,0.6496340337805367,0.18003367532642844,0.17650184194930307,3.8207529747129025
