,RMSE,MSE,MAE,EVS,R2,Max Error
0,0.8050603594446002,0.6481221823490689,0.6515726637100548,0.31939878532394084,0.3193703646525564,2.457573639939727
