,RMSE,MSE,MAE,EVS,R2,Max Error
0,1.0783216249117586,1.1627775267523357,0.7169805120491031,0.23797179115721123,0.23310699761330367,4.869799073978932
