,RMSE,MSE,MAE,EVS,R2,Max Error
0,0.7067701439475076,0.49952403637558057,0.5677458508993388,0.1433470142121368,0.1430610034876193,2.1162071720267046
