,RMSE,MSE,MAE,EVS,R2,Max Error
0,0.8460373547179725,0.7157792055781844,0.6394893660939581,0.33130090655290567,0.32964582839707535,3.253146981118239
