,RMSE,MSE,MAE,EVS,R2,Max Error
0,0.48294901058149925,0.23323974682164908,0.3361213889941129,0.774656890581583,0.7741775198392143,3.3770807967412018
