,RMSE,MSE,MAE,EVS,R2,Max Error
0,0.46333221847587464,0.21467674467777564,0.3158376013284139,0.7791072058712577,0.7790363236669473,3.0516009903613877
