,RMSE,MSE,MAE,EVS,R2,Max Error
0,0.5011453683545941,0.2511466802232618,0.34710225787535076,0.7522346859079523,0.7522212015820023,3.357345155765257
