,RMSE,MSE,MAE,EVS,R2,Max Error
0,0.4785581409370012,0.22901789425707875,0.3294009067946105,0.7663747437231381,0.7663736007336197,3.0483264923075515
