,RMSE,MSE,MAE,EVS,R2,Max Error
0,0.46206479993996896,0.21350387934356352,0.3203254816355852,0.7871033041299886,0.7867903832297001,3.1684177808813105
