,RMSE,MSE,MAE,EVS,R2,Max Error
0,0.23388834425796265,0.05470375757973125,0.18805293054493197,0.9531377275163997,0.9527547185394063,0.5183625816547741
