,RMSE,MSE,MAE,EVS,R2,Max Error
0,0.26401459238734454,0.0697037049934557,0.1783270292737918,0.8453632674304562,0.8128583276813443,0.7705331925920389
