,RMSE,MSE,MAE,EVS,R2,Max Error
0,0.4540542292242652,0.20616524307644157,0.287447935953178,0.9320544286637767,0.9231155523463505,1.5333721726988068
