,RMSE,MSE,MAE,EVS,R2,Max Error
0,0.22815157440992115,0.05205314090572579,0.14771854811548413,0.835137432652459,0.8351040638112599,0.9502805376271566
