,RMSE,MSE,MAE,EVS,R2,Max Error
0,0.33873881691830376,0.1147439860872121,0.2328162296181378,0.8686496598964129,0.8682946130136963,0.9823463434640027
