,RMSE,MSE,MAE,EVS,R2,Max Error
0,0.41482583853712307,0.1720804763180273,0.22602812313503617,0.842439709182116,0.8417450256297351,1.9814940652254496
