,RMSE,MSE,MAE,EVS,R2,Max Error
0,0.37780681029759133,0.14273798590724018,0.20996895694914575,0.8527645804268243,0.8527583166793482,1.9575947926034625
