,RMSE,MSE,MAE,EVS,R2,Max Error
0,0.3433888912436714,0.11791593062955796,0.19942881198116438,0.8988077297619691,0.8976408964213127,2.119224638325598
