,RMSE,MSE,MAE,EVS,R2,Max Error
0,0.3647393702550745,0.13303480821406835,0.21095559410403167,0.876757711740226,0.8763185017473999,1.8150272993093186
