,RMSE,MSE,MAE,EVS,R2,Max Error
0,0.386606420226165,0.14946452416009007,0.21733256157581163,0.7961894292413105,0.7953845178046111,1.8289394936073018
