,RMSE,MSE,MAE,EVS,R2,Max Error
0,0.543794929387153,0.29571292522717874,0.35485747624880426,0.6956554019931507,0.6956269520693779,3.4997720817978872
