,RMSE,MSE,MAE,EVS,R2,Max Error
0,0.5368259773732876,0.2881821299827855,0.3533106352561953,0.7060189509858641,0.70601880879571,3.5893802101584535
