,RMSE,MSE,MAE,EVS,R2,Max Error
0,0.511298210223794,0.261425859778055,0.3409436672360105,0.73894374885707,0.7389344514558789,3.420140203563755
