,RMSE,MSE,MAE,EVS,R2,Max Error
0,0.5488089844913171,0.3011913014583907,0.3639798490881468,0.7084216366305738,0.7083868953510822,3.760663810207065
