,RMSE,MSE,MAE,EVS,R2,Max Error
0,0.5530883852095908,0.3059067618537527,0.36349278992134226,0.6983142193775987,0.6981954536978869,3.6065150063874234
