,RMSE,MSE,MAE,EVS,R2,Max Error
0,0.524622319682906,0.2752285783094732,0.3673914030031504,0.7087863355329556,0.703215664314474,2.2734955956382366
