,RMSE,MSE,MAE,EVS,R2,Max Error
0,0.5866860767952083,0.34420055270535305,0.39417188174478685,0.6493640864725665,0.6490573834866883,2.6288960694397105
