,RMSE,MSE,MAE,EVS,R2,Max Error
0,0.5676252063140399,0.3221983748430564,0.380127257828469,0.6257684654505179,0.6257233148357506,2.6312807836033336
