,RMSE,MSE,MAE,EVS,R2,Max Error
0,0.6708385069046093,0.45002430234600566,0.4471965976880043,0.6542380863798459,0.6475647822373851,3.4240380904840206
