,RMSE,MSE,MAE,EVS,R2,Max Error
0,0.533486002403306,0.28460731476026024,0.3662297591621125,0.7006037370510625,0.7001244081748228,2.4121385168803964
