,RMSE,MSE,MAE,EVS,R2,Max Error
0,0.3464644818598325,0.12003763719040217,0.2502402895988942,0.8766845441723565,0.862218456947563,0.9122915993107628
