,RMSE,MSE,MAE,EVS,R2,Max Error
0,0.34343172914987147,0.11794535258687067,0.23679752316793984,0.6867597390501947,0.6833383458254794,1.1744420029431746
