,RMSE,MSE,MAE,EVS,R2,Max Error
0,0.8578983454653373,0.7359895711521631,0.5794036425736455,0.7294620931784188,0.7255301096708161,2.363952403293739
