,RMSE,MSE,MAE,EVS,R2,Max Error
0,0.317373193383116,0.10072574387819673,0.27754710393678983,0.9246522838738679,0.9130075093485662,0.650283897817644
