,RMSE,MSE,MAE,EVS,R2,Max Error
0,0.31933764206861803,0.10197652964194481,0.2131258206845009,0.6923295547114354,0.6769548382288376,0.9169620984043848
