,RMSE,MSE,MAE,EVS,R2,Max Error
0,0.5461117990305999,0.29823809704043835,0.3806314549953801,0.6878812069218654,0.6857623777865607,2.497982460092092
