,RMSE,MSE,MAE,EVS,R2,Max Error
0,0.544938382830603,0.2969578410820328,0.38763974698181997,0.6933329644138343,0.6797845771196005,2.3727054479079737
