,RMSE,MSE,MAE,EVS,R2,Max Error
0,0.689582888144547,0.4755245596217748,0.4635096259897982,0.6320221018068953,0.6275943302437093,3.437066740066499
