,RMSE,MSE,MAE,EVS,R2,Max Error
0,0.6208024419170098,0.38539567189012236,0.4208914503631122,0.6071954479891768,0.607055350658297,2.6915738483709033
