,RMSE,MSE,MAE,EVS,R2,Max Error
0,0.5756110605473395,0.33132809302443295,0.3986106203688657,0.6152163661126033,0.6151179210032278,2.5097965458107163
