,RMSE,MSE,MAE,EVS,R2,Max Error
0,0.32038372713334895,0.1026457326118562,0.2212651481037129,0.8937155773549017,0.8937132135085866,2.1866277334103073
