,RMSE,MSE,MAE,EVS,R2,Max Error
0,0.3077018667391618,0.09468043879476487,0.20800432766738744,0.9007591532104345,0.9007253441272935,2.09877961265639
