,RMSE,MSE,MAE,EVS,R2,Max Error
0,0.3140194273232622,0.09860820073642956,0.21495784285778938,0.9071771726324975,0.9070620716049121,2.333131186880991
