,RMSE,MSE,MAE,EVS,R2,Max Error
0,0.32107727498216276,0.10309061650997135,0.2180274331704017,0.9012925083948569,0.9012578547215732,2.476090111157599
