,RMSE,MSE,MAE,EVS,R2,Max Error
0,0.3109420694631525,0.09668497056202796,0.2108663541883731,0.9009395443482388,0.9009239175932802,2.2419340691931877
