,RMSE,MSE,MAE,EVS,R2,Max Error
0,0.8439443277083463,0.7122420282710925,0.6133566670581238,0.280610769122867,0.26431925010397184,3.1285091351496903
