,RMSE,MSE,MAE,EVS,R2,Max Error
0,0.8324220295836895,0.6929264353362289,0.5861717466134301,0.32955416595076104,0.3216397359898927,2.73116359464243
