,RMSE,MSE,MAE,EVS,R2,Max Error
0,0.8406189346656574,0.7066401933184249,0.5896816999355793,0.1709925671157031,0.16551143098208265,3.473740683821439
