,RMSE,MSE,MAE,EVS,R2,Max Error
0,0.9060305905149015,0.8208914309487813,0.6538633810512171,0.2533404633974027,0.2449473186622777,2.9625381930396864
