,RMSE,MSE,MAE,EVS,R2,Max Error
0,0.8710737808489742,0.7587695316825268,0.6022527243233355,0.28258355262761514,0.2824236771842741,3.192993082322772
