,RMSE,MSE,MAE,EVS,R2,Max Error
0,0.8585335299104915,0.7370798219805688,0.6462838813260238,0.3105091680808314,0.3096969992724322,3.4183000809367803
