,RMSE,MSE,MAE,EVS,R2,Max Error
0,0.6776648447404848,0.4592296417971455,0.5580128533910662,0.21218875646722613,0.21218648202446377,1.8589085347271688
