,RMSE,MSE,MAE,EVS,R2,Max Error
0,1.068823084319827,1.142382785574948,0.7177827662571876,0.2540589895539155,0.2465580524665144,4.688363352271325
