,RMSE,MSE,MAE,EVS,R2,Max Error
0,0.8627005704326527,0.7442522742248243,0.6352693453587698,0.200747842553876,0.19666216615868692,3.87101180606082
