,RMSE,MSE,MAE,EVS,R2,Max Error
0,0.7948800297130739,0.6318342616366572,0.6346960910032677,0.34464103647870103,0.33647522826774146,2.3337819054001376
