,RMSE,MSE,MAE,EVS,R2,Max Error
0,0.21350281384170483,0.045583451518325664,0.12844858066536444,0.9557208847771836,0.9557167379844429,4.797180142933476
