,RMSE,MSE,MAE,EVS,R2,Max Error
0,0.2093601533606213,0.043831673815182874,0.12849939590780654,0.9556819697776018,0.955681955200364,2.48811991340127
