,RMSE,MSE,MAE,EVS,R2,Max Error
0,0.20725166488013064,0.04295325259558598,0.1252875904688723,0.9564915014243398,0.9564900474530637,6.552775706546857
