,RMSE,MSE,MAE,EVS,R2,Max Error
0,0.20565583376749486,0.04229432196260347,0.12262382208008997,0.956687827999966,0.9566878098461967,6.955116992400968
