,RMSE,MSE,MAE,EVS,R2,Max Error
0,0.22408420516879354,0.050213731006129955,0.13490007936318837,0.9506668294801723,0.950666829271308,3.330027934686256
