,RMSE,MSE,MAE,EVS,R2,Max Error
0,0.3494062231875396,0.12208470880218072,0.2586693497596133,0.8622152584081141,0.8598687881935678,1.116359779108997
