,RMSE,MSE,MAE,EVS,R2,Max Error
0,0.2535890440299072,0.0643074032520022,0.17613979483776337,0.7996565625293797,0.7962845415551225,0.934246641040663
