,RMSE,MSE,MAE,EVS,R2,Max Error
0,0.5188277646521666,0.26918224937396396,0.3392284661992185,0.9040857959045795,0.8996148514053333,1.6604668775593554
