,RMSE,MSE,MAE,EVS,R2,Max Error
0,0.29702207166367195,0.08822211105537948,0.21878945701151276,0.7962207654260378,0.7631398015365758,0.7800950658288757
