,RMSE,MSE,MAE,EVS,R2,Max Error
0,0.31315629748737406,0.09806686665600071,0.22799051178197285,0.9153498215014659,0.9153038671910548,0.8721191155946251
