,RMSE,MSE,MAE,EVS,R2,Max Error
0,0.7397304636207555,0.5472011588085778,0.5053256631040891,0.4370817239482042,0.4347913449681373,3.3615737501507135
