,RMSE,MSE,MAE,EVS,R2,Max Error
0,0.826014895623401,0.6823006077917382,0.5329992207896137,0.3555301360765387,0.35474114240134946,3.0323994842560764
