,RMSE,MSE,MAE,EVS,R2,Max Error
0,0.8036210789240601,0.6458068384910703,0.5623265790181821,0.41774915489364284,0.40598943216481875,3.395408402554321
