,RMSE,MSE,MAE,EVS,R2,Max Error
0,0.7677100051192637,0.5893786519602199,0.539998679672181,0.4239991604004031,0.42301081679521224,3.0999884113005542
