,RMSE,MSE,MAE,EVS,R2,Max Error
0,0.7298292527981157,0.532650738239856,0.5145253309208603,0.37808475736579694,0.3709798047960471,3.181078707731629
