,RMSE,MSE,MAE,EVS,R2,Max Error
0,0.814336010582506,0.6631431381314313,0.5370576155604511,0.3239431245830534,0.3238674772904465,3.771031661465364
