,RMSE,MSE,MAE,EVS,R2,Max Error
0,0.9676711906164126,0.9363875331489856,0.6469785190694451,0.26928627209475,0.2666708388076685,4.019702780440192
