,RMSE,MSE,MAE,EVS,R2,Max Error
0,0.7804718649800422,0.6091363320254252,0.5036423671993665,0.29343453029847344,0.2924063404272661,4.0275451326354395
