,RMSE,MSE,MAE,EVS,R2,Max Error
0,0.8413057761008615,0.7077954089006729,0.5537512292476722,0.26158024408213765,0.23677042724955555,3.494913718851338
