,RMSE,MSE,MAE,EVS,R2,Max Error
0,0.8184418718392854,0.6698470975797933,0.5462907530237363,0.29524771356664514,0.29421773650363914,3.2041847871884173
