,RMSE,MSE,MAE,EVS,R2,Max Error
0,0.6755630620665677,0.4563854508287572,0.4798104321950987,0.5641190520368757,0.5627178368732618,3.3898253318385336
