,RMSE,MSE,MAE,EVS,R2,Max Error
0,0.6465905520461734,0.41807934199537533,0.47215892989288527,0.5277729116053267,0.5249129018185077,3.75241327152656
