,RMSE,MSE,MAE,EVS,R2,Max Error
0,0.6497463577809947,0.4221703294496683,0.45393929451825893,0.5369061039989235,0.5363499727228588,3.2126507150094676
