,RMSE,MSE,MAE,EVS,R2,Max Error
0,0.6562865738031569,0.4307120669542866,0.47119895913318877,0.5883071881420551,0.5878500405479796,4.876902142802292
