,RMSE,MSE,MAE,EVS,R2,Max Error
0,0.7098123988667764,0.5038336415850077,0.5117061715705007,0.5500709766256169,0.5500581645359189,3.246670647654019
