,RMSE,MSE,MAE,EVS,R2,Max Error
0,0.7004368939042276,0.49061184234220223,0.4805927521677994,0.4253598929859922,0.4206245581124186,3.219775179124722
