,RMSE,MSE,MAE,EVS,R2,Max Error
0,0.7746812390919536,0.6001310222010446,0.5062909196895581,0.4349162509621136,0.43244978331727424,3.280582069174196
