,RMSE,MSE,MAE,EVS,R2,Max Error
0,0.6737753667094568,0.45397324478446305,0.45143717893629465,0.5557667665443722,0.5555698347168944,2.570904975724793
