,RMSE,MSE,MAE,EVS,R2,Max Error
0,0.7231706467444238,0.5229757843127482,0.49996816720389825,0.4628701441357811,0.45981393696381856,3.1141304242700167
