,RMSE,MSE,MAE,EVS,R2,Max Error
0,0.7098433298773409,0.5038775529713514,0.49354241594071463,0.5419303597192333,0.5365354258879489,3.348369695083483
