,RMSE,MSE,MAE,EVS,R2,Max Error
0,0.8274020314351916,0.6845941216230819,0.6459080315932528,0.33345398831319206,0.3323722664007366,3.4473184070887197
