,RMSE,MSE,MAE,EVS,R2,Max Error
0,0.7937773234641403,0.6300824392458945,0.6215178233028267,0.39199688847252756,0.39083522216880484,3.817752271706961
