,RMSE,MSE,MAE,EVS,R2,Max Error
0,0.800661640297508,0.641059062243896,0.627911306063443,0.34920266488509155,0.3490577197944138,3.2034329208097403
