,RMSE,MSE,MAE,EVS,R2,Max Error
0,0.7684516076757316,0.5905178733394165,0.602264286050471,0.35614479865492843,0.35531955553978356,3.6473136730062383
