,RMSE,MSE,MAE,EVS,R2,Max Error
0,0.8137409495701202,0.662174333007281,0.6383953553026505,0.36167876308114655,0.36152721966472345,3.481499501405174
