,RMSE,MSE,MAE,EVS,R2,Max Error
0,0.33278815138049866,0.1107479536992497,0.2467333156887502,0.9064716667921172,0.9043517579924982,1.05061114046346
