,RMSE,MSE,MAE,EVS,R2,Max Error
0,0.8413376983599807,0.70784912268167,0.5242146521580018,0.7563488562209341,0.7360244238679848,2.7972077777253492
