,RMSE,MSE,MAE,EVS,R2,Max Error
0,0.2755187907642496,0.07591060406419436,0.20501315483290483,0.7985321002413432,0.7961939413030276,0.6857831404937133
