,RMSE,MSE,MAE,EVS,R2,Max Error
0,0.4040724452551468,0.16327454101447358,0.2864287199629191,0.8133888081757515,0.8125902947717192,1.1522960770705137
