,RMSE,MSE,MAE,EVS,R2,Max Error
0,0.25595756834746725,0.06551427679434836,0.17498665825769982,0.8312642149240443,0.7924613612596814,0.8008829122475286
