,RMSE,MSE,MAE,EVS,R2,Max Error
0,0.6089017615273591,0.37076135519112086,0.42363818334428166,0.5693968744424384,0.5693108909207518,3.205103468844733
