,RMSE,MSE,MAE,EVS,R2,Max Error
0,0.585936065132592,0.34332107242306514,0.4340219251454421,0.6452149013406737,0.6297902019050081,2.5127315719464827
