,RMSE,MSE,MAE,EVS,R2,Max Error
0,0.6826365502997989,0.4659926598052099,0.4721668899381783,0.6382456009092512,0.6350592097402827,3.6668074501127466
