,RMSE,MSE,MAE,EVS,R2,Max Error
0,0.5426278692143014,0.294445004448053,0.3905160352049353,0.6900874624912083,0.6897589577302188,2.51195180732625
