,RMSE,MSE,MAE,EVS,R2,Max Error
0,0.6355047660373325,0.40386630765616477,0.45236390749052446,0.5918931502825804,0.5882229194101456,2.7001872728425895
