,RMSE,MSE,MAE,EVS,R2,Max Error
0,0.7085311304959095,0.5020163628818116,0.5115203347848011,0.5518134406054265,0.5516810607615332,3.0680870703787426
