,RMSE,MSE,MAE,EVS,R2,Max Error
0,0.6501506845777518,0.4226959126569194,0.4583667851118973,0.5369671591484155,0.5357727491441766,3.1095354114447145
