,RMSE,MSE,MAE,EVS,R2,Max Error
0,0.6417983389468258,0.41190510787490475,0.4549858837750442,0.535550247832216,0.5319290317181284,3.5579795824091285
