,RMSE,MSE,MAE,EVS,R2,Max Error
0,0.6408924432957427,0.4107431238735867,0.462798804355224,0.6069796432784668,0.6069583955546287,4.63776437405687
