,RMSE,MSE,MAE,EVS,R2,Max Error
0,0.6877065681779114,0.4729403239150404,0.4941752150253592,0.5481258321128021,0.5468559142367868,3.2707765575961325
