,RMSE,MSE,MAE,EVS,R2,Max Error
0,0.872110100542551,0.7605760274683384,0.6735668987998175,0.25963378600689124,0.25827343032871075,3.854421442700319
