,RMSE,MSE,MAE,EVS,R2,Max Error
0,0.8098527617654891,0.6558614957391901,0.6342994781814494,0.284275876825831,0.2839825860199573,3.77863225037348
