,RMSE,MSE,MAE,EVS,R2,Max Error
0,0.8784611530835946,0.7716939974769587,0.6797877967339362,0.2573222847489083,0.25592764989919947,3.766184912020322
