,RMSE,MSE,MAE,EVS,R2,Max Error
0,0.8458527594138346,0.7154668906079984,0.6605232185637853,0.30903631728054415,0.3082853888382874,4.2114017529527965
