,RMSE,MSE,MAE,EVS,R2,Max Error
0,0.855422217612288,0.7317471703847246,0.6676217274695345,0.2571281153510816,0.2569714716192616,4.632476953776171
