,RMSE,MSE,MAE,EVS,R2,Max Error
0,1.09739706687808,1.2042803223926128,0.8349389629583504,-0.08549202440888326,-0.10769226260997922,3.4855096408484116
