,RMSE,MSE,MAE,EVS,R2,Max Error
0,1.0040996584434618,1.0082161240862766,0.7561179932317597,0.027008621874447636,0.012977826740657727,2.9206599516243767
