,RMSE,MSE,MAE,EVS,R2,Max Error
0,0.9994838982505161,0.9989680628620481,0.7713494459249679,-0.02539990063640496,-0.031842469886949054,3.230326877884838
