,RMSE,MSE,MAE,EVS,R2,Max Error
0,0.9707091471801205,0.9422762484191568,0.7587214578341647,-0.10300308049509033,-0.11275691023216994,3.308972493088877
