,RMSE,MSE,MAE,EVS,R2,Max Error
0,1.0417540489682675,1.0852514985417794,0.7757707803895271,-0.026234130275432532,-0.026333751075945377,3.2605670916220504
