,RMSE,MSE,MAE,EVS,R2,Max Error
0,0.6894292149675336,0.4753126424507497,0.44547324674029465,0.5702990474192059,0.5628093172548307,3.529006948195488
