,RMSE,MSE,MAE,EVS,R2,Max Error
0,0.6806913598731172,0.4633407274059136,0.4443905197606253,0.4630308801672087,0.4528296801729631,3.133487666141959
