,RMSE,MSE,MAE,EVS,R2,Max Error
0,0.7077770883720785,0.5009484068244571,0.4540895261413811,0.48469591399700207,0.48256619946111246,3.046834035170901
