,RMSE,MSE,MAE,EVS,R2,Max Error
0,0.7383443090108865,0.5451523186487635,0.4548889554785058,0.4854275436363542,0.4844437212403492,3.497575871863063
