,RMSE,MSE,MAE,EVS,R2,Max Error
0,0.6471255042050729,0.41877141819266983,0.3991547967906329,0.5907665518772118,0.5900316753433957,2.524989997273087
