,RMSE,MSE,MAE,EVS,R2,Max Error
0,0.19788391632344393,0.03915804433950376,0.14812855898266006,0.8764140948168966,0.8759536452876678,0.6196290031482712
