,RMSE,MSE,MAE,EVS,R2,Max Error
0,0.4037337578292626,0.16300094721093764,0.2707427252064219,0.9455248301402823,0.9392126548281082,1.3942742272851816
