,RMSE,MSE,MAE,EVS,R2,Max Error
0,0.22715615040405976,0.05159991666639182,0.17471131731489847,0.9565952747742663,0.9554353723746735,0.5334980175774946
