,RMSE,MSE,MAE,EVS,R2,Max Error
0,0.2561216226939555,0.0655982856113849,0.18597568859662245,0.844819174201524,0.8238806262636403,0.8193315873478217
