,RMSE,MSE,MAE,EVS,R2,Max Error
0,0.3434680510081118,0.1179703020633109,0.2388363140557764,0.8659466553107835,0.8645913845599695,0.9887707997636612
