,RMSE,MSE,MAE,EVS,R2,Max Error
0,0.6482476507361765,0.4202250166849719,0.45452895654844677,0.5394967027732861,0.5384864192078351,3.3675457273801124
