,RMSE,MSE,MAE,EVS,R2,Max Error
0,0.7255180748871519,0.526376476987959,0.5119825341836667,0.5301644821252123,0.5299265895464842,3.320455130272692
