,RMSE,MSE,MAE,EVS,R2,Max Error
0,0.6343456767209014,0.40239443757449833,0.4502046211494777,0.5456649386129253,0.5427365419223302,3.455066881434207
