,RMSE,MSE,MAE,EVS,R2,Max Error
0,0.693529906941851,0.48098373182277254,0.4840794068812992,0.539655809241294,0.5391491856317955,3.4656048932543637
