,RMSE,MSE,MAE,EVS,R2,Max Error
0,0.6636335783160223,0.44040952626852814,0.4691631471132836,0.5792461516900311,0.5785705060983992,5.479583943990985
