,RMSE,MSE,MAE,EVS,R2,Max Error
0,0.7727127507764504,0.5970849952125087,0.5999295149813709,0.4242092916239907,0.4227372073878378,3.7733086890975307
