,RMSE,MSE,MAE,EVS,R2,Max Error
0,0.7460464498739111,0.5565853053694662,0.5850625217729055,0.3932254236976478,0.39236443426095724,3.221059020489167
