,RMSE,MSE,MAE,EVS,R2,Max Error
0,0.7565957018702969,0.5724370560886072,0.5971442950449232,0.4187783504642304,0.4187376725317653,3.063686355487652
