,RMSE,MSE,MAE,EVS,R2,Max Error
0,0.7965048607552444,0.6344199932067313,0.609620189186858,0.3822670673651257,0.38130292265660404,3.3711068464874265
