,RMSE,MSE,MAE,EVS,R2,Max Error
0,0.7856545844278261,0.6172531260324602,0.6143366856852158,0.4049449119768853,0.40484053835373845,3.7071993021191565
