,RMSE,MSE,MAE,EVS,R2,Max Error
0,0.5307510151814668,0.28169664011615764,0.38094557503941123,0.7272647588885671,0.7272616061762658,3.4490603060851566
