,RMSE,MSE,MAE,EVS,R2,Max Error
0,0.5092698810521802,0.2593558117469018,0.3631532785286487,0.7330580749383475,0.7330488044806309,3.93998115562396
