,RMSE,MSE,MAE,EVS,R2,Max Error
0,0.5377095030273691,0.28913150964594025,0.3819013395537019,0.7147787093695435,0.7147457494514107,3.579905265742051
