,RMSE,MSE,MAE,EVS,R2,Max Error
0,0.5289877407556852,0.27982802986980404,0.37590575587501524,0.7145771867408501,0.7145410176599476,3.547410169701687
