,RMSE,MSE,MAE,EVS,R2,Max Error
0,0.49903423987480705,0.24903517256742644,0.3581343646479963,0.7513081193817577,0.7513080611524392,3.007107815341503
