,RMSE,MSE,MAE,EVS,R2,Max Error
0,0.14567696138642536,0.02122177707878207,0.07652069325509948,0.9794549090192967,0.9793835375884681,3.575044819412238
