,RMSE,MSE,MAE,EVS,R2,Max Error
0,0.17901190148346133,0.03204526087272447,0.07737032013339416,0.9671835412170755,0.9671835279999311,11.87941783613737
