,RMSE,MSE,MAE,EVS,R2,Max Error
0,0.13702841512029496,0.018776786550379877,0.07579221243483916,0.9810481100016732,0.9810148599151901,1.5657791366832505
