,RMSE,MSE,MAE,EVS,R2,Max Error
0,0.13509675751010375,0.01825113388974377,0.07436405039710785,0.9817315198205434,0.9815123204534192,1.9596426201179602
