,RMSE,MSE,MAE,EVS,R2,Max Error
0,0.13758232959585892,0.018928897417023558,0.07470641540024851,0.9814576429654767,0.9814030443611943,1.7181067020169656
