,RMSE,MSE,MAE,EVS,R2,Max Error
0,0.6025668100518137,0.36308676057601846,0.4544801503899779,0.5034346599344601,0.5029377505363813,2.4329285917432637
