,RMSE,MSE,MAE,EVS,R2,Max Error
0,0.6120601825287539,0.37461766703713156,0.4666502099629143,0.6537315495066237,0.6517206665454764,2.485929147213584
