,RMSE,MSE,MAE,EVS,R2,Max Error
0,0.5992178438624883,0.3590620244032095,0.45583577044791224,0.6316229865813747,0.6296087789552602,2.2454636365919463
