,RMSE,MSE,MAE,EVS,R2,Max Error
0,0.6497797501364778,0.4222137236874235,0.4813555182065996,0.6127613746721565,0.6117082922443802,2.5012647586859944
