,RMSE,MSE,MAE,EVS,R2,Max Error
0,0.6276107720815477,0.3938952812327964,0.476980220598629,0.6581608966005599,0.6580719189035749,1.9349056636993334
