,RMSE,MSE,MAE,EVS,R2,Max Error
0,0.8443663407958474,0.7129545174689691,0.5992140076329602,0.3656933216926983,0.363305587965046,3.996266323519394
