,RMSE,MSE,MAE,EVS,R2,Max Error
0,0.7908409775230714,0.625429451729647,0.5771061682387237,0.40158169232417285,0.4007496447599789,4.11526566210649
