,RMSE,MSE,MAE,EVS,R2,Max Error
0,0.8092539665864615,0.6548919824359217,0.6017361274109273,0.3735695465962884,0.37333145570991033,4.794845501223618
