,RMSE,MSE,MAE,EVS,R2,Max Error
0,0.7572576979739467,0.573439221140801,0.5580097650696755,0.3498023317140334,0.3483687228960195,4.174032388786539
