,RMSE,MSE,MAE,EVS,R2,Max Error
0,0.7612760041625667,0.5795411545137242,0.551279065980229,0.3635171810162824,0.36351691875459136,3.7533570813100505
