,RMSE,MSE,MAE,EVS,R2,Max Error
0,0.2219358556718808,0.0492555240328099,0.13989804373753603,0.9483636809337349,0.9483544303297272,2.209168985795941
