,RMSE,MSE,MAE,EVS,R2,Max Error
0,0.2199982687699453,0.04839923826177309,0.13683741617188924,0.9504058850845939,0.950403802260357,2.7649736614993983
