,RMSE,MSE,MAE,EVS,R2,Max Error
0,0.22481931889691867,0.05054372614927441,0.14514915922996002,0.9524043772742063,0.952362692285219,2.232559618780779
