,RMSE,MSE,MAE,EVS,R2,Max Error
0,0.23153016360868856,0.05360621666066609,0.1467889305444176,0.9445098724248078,0.9444922612967297,2.177192048083238
