,RMSE,MSE,MAE,EVS,R2,Max Error
0,0.23423023329035275,0.05486380218725307,0.14396862155497253,0.9474797849723465,0.9474504110121738,2.4313433909600017
