,RMSE,MSE,MAE,EVS,R2,Max Error
0,0.22368674257515342,0.05003575880388295,0.1399384330570408,0.9487268226616684,0.9487268089991723,2.5762956701934554
