,RMSE,MSE,MAE,EVS,R2,Max Error
0,0.2400143667583895,0.0576068962504307,0.15244490144333886,0.9403601522756179,0.9403496694270239,2.0112469442258605
