,RMSE,MSE,MAE,EVS,R2,Max Error
0,0.22337591988779293,0.04989680158571768,0.13973817660337948,0.9476837699965928,0.947682035807752,2.1276993789557994
