,RMSE,MSE,MAE,EVS,R2,Max Error
0,0.22866871254498408,0.05228938009698056,0.1473366609853067,0.9507545291713506,0.9507174187645291,2.0563339001251957
