,RMSE,MSE,MAE,EVS,R2,Max Error
0,0.23551890087365646,0.055469152668735214,0.145837297886403,0.9468829232031142,0.9468705948542104,2.4443116154144104
