,RMSE,MSE,MAE,EVS,R2,Max Error
0,0.861179801147611,0.7416306499046388,0.5672987893033075,0.3001470468739319,0.298632097857254,3.219877965004544
