,RMSE,MSE,MAE,EVS,R2,Max Error
0,0.7309368365364508,0.5342686590059142,0.5174044430140607,0.4487069113388953,0.4481494322126498,3.1742908458015564
