,RMSE,MSE,MAE,EVS,R2,Max Error
0,0.7160693899005305,0.5127553711525179,0.506487365779156,0.49803053966528543,0.4980233814014563,2.6054440533148706
