,RMSE,MSE,MAE,EVS,R2,Max Error
0,0.7966585784969328,0.6346648906927536,0.5355238647524048,0.2613174172095908,0.25050881417744075,4.473876694910211
