,RMSE,MSE,MAE,EVS,R2,Max Error
0,0.7371945567320062,0.5434558144752991,0.5107328046831423,0.5070647317544787,0.5001314979815485,3.3437975580104933
