,precision,recall,f1-score,support,ROC_AUC
Neutral or dissatisfied,0.95067189717052,0.9672214673913044,0.9588752788651768,11776.0,
Satisfied,0.9561363636363636,0.9343697945585786,0.9451277730974446,9005.0,
accuracy,0.9529859005822626,0.9529859005822626,0.9529859005822626,0.9529859005822626,0.9912451547902134
macro avg,0.953404130403442,0.9507956309749416,0.9520015259813106,20781.0,
weighted avg,0.953039806343559,0.9529859005822626,0.9529180925200332,20781.0,
