,precision,recall,f1-score,support,ROC_AUC
Neutral or dissatisfied,0.9515912897822446,0.96484375,0.9581716984314388,11776.0,
Satisfied,0.9531727180183236,0.9358134369794558,0.9444133139078784,9005.0,
accuracy,0.9522640873875174,0.9522640873875174,0.9522640873875174,0.9522640873875174,0.9911978814607826
macro avg,0.9523820039002842,0.950328593489728,0.9512925061696588,20781.0,
weighted avg,0.9522765677412404,0.9522640873875174,0.9522097980111194,20781.0,
