,precision,recall,f1-score,support,ROC_AUC
Neutral or dissatisfied,0.9474035175460532,0.9651834239130436,0.9562108274092458,11776.0,
Satisfied,0.9533242258652096,0.9299278178789562,0.9414806903142392,9005.0,
accuracy,0.9499061642846832,0.9499061642846832,0.9499061642846832,0.9499061642846832,0.9904369628587982
macro avg,0.9503638717056312,0.947555620896,0.9488457588617424,20781.0,
weighted avg,0.9499691293267184,0.9499061642846832,0.949827838884125,20781.0,
