,precision,recall,f1-score,support,ROC_AUC
Neutral or dissatisfied,0.9490609938507562,0.9698539402173914,0.959344813103738,11776.0,
Satisfied,0.9594146564536412,0.9319267073847862,0.9454709328526362,9005.0,
accuracy,0.9534189884991098,0.9534189884991098,0.9534189884991098,0.9534189884991098,0.9914150577577673
macro avg,0.9542378251521988,0.9508903238010888,0.9524078729781872,20781.0,
weighted avg,0.9535475311559378,0.9534189884991098,0.9533328650905928,20781.0,
