,precision,recall,f1-score,support,ROC_AUC
Neutral or dissatisfied,0.9456738768718802,0.9653503184713376,0.9554108005883588,11775.0,
Satisfied,0.9534246575342464,0.9274847307051638,0.9402758232479594,9005.0,
accuracy,0.9489412897016362,0.9489412897016362,0.9489412897016362,0.9489412897016362,0.990209930552854
macro avg,0.9495492672030634,0.9464175245882508,0.9478433119181592,20780.0,
weighted avg,0.9490326728230164,0.9489412897016362,0.9488520676263618,20780.0,
