,RMSE,MSE,MAE,EVS,R2,Max Error
0,0.3942978959778068,0.15547083077252535,0.2356715565225519,0.9464133028541655,0.9420208335225176,1.7873494341406406
