,RMSE,MSE,MAE,EVS,R2,Max Error
0,0.18515786405328427,0.0342834346207745,0.14343336527523814,0.8935363363427066,0.8913956209136992,0.4180116491484177
