,RMSE,MSE,MAE,EVS,R2,Max Error
0,0.23432722569365552,0.05490924870128537,0.1703961661447349,0.8675887072904315,0.8525787312355305,0.5561223719492354
