,RMSE,MSE,MAE,EVS,R2,Max Error
0,0.20676129804818474,0.04275023437057028,0.1530990426588219,0.9649354399055388,0.9630784621623087,0.4943978864338632
