,RMSE,MSE,MAE,EVS,R2,Max Error
0,0.28836414201274735,0.08315387839874791,0.21432479967491486,0.9045547181484715,0.9045543552444211,0.8092268203476016
