,RMSE,MSE,MAE,EVS,R2,Max Error
0,0.667413697533135,0.445441043654851,0.4840461475995322,0.574161250380546,0.5732041353178221,3.006181217843352
