,RMSE,MSE,MAE,EVS,R2,Max Error
0,0.6365881062748854,0.40524441705064473,0.4574054563511449,0.5422600441250742,0.5394979497624377,3.534092879204906
