,RMSE,MSE,MAE,EVS,R2,Max Error
0,0.7391393356868866,0.5463269575596521,0.5223012662651298,0.5123132960775332,0.5121100820608411,4.086980815516915
