,RMSE,MSE,MAE,EVS,R2,Max Error
0,0.6479040932461874,0.41977971404516423,0.48079783788521546,0.5996045236195162,0.5983112492159228,4.915058355381074
