,RMSE,MSE,MAE,EVS,R2,Max Error
0,0.6450768244840929,0.41612410948648115,0.4520928194692931,0.5448027913457589,0.5429902547495699,3.3357332226965513
