,RMSE,MSE,MAE,EVS,R2,Max Error
0,0.4090545878183119,0.16732565581520903,0.2913921161632111,0.8397375664050228,0.8397323173082845,2.5668164616261957
