,RMSE,MSE,MAE,EVS,R2,Max Error
0,0.4184370402442623,0.17508955664837839,0.29860291697488467,0.8351562995217654,0.8349786269601508,2.1849171337505084
