,RMSE,MSE,MAE,EVS,R2,Max Error
0,0.4146445062438291,0.17193006655818882,0.3007898959824251,0.8221412584416254,0.8219712226632403,2.0655439508346705
