,RMSE,MSE,MAE,EVS,R2,Max Error
0,0.39553859044136036,0.15645077652833822,0.28796865379741593,0.8396864854963308,0.8396800460525287,2.106259693365596
