,RMSE,MSE,MAE,EVS,R2,Max Error
0,0.4008059786348374,0.16064543250942973,0.2891763092124388,0.8316809499276491,0.8315595044456264,1.822534232318813
