,RMSE,MSE,MAE,EVS,R2,Max Error
0,0.8074064204779527,0.6519051278290207,0.6300486149404576,0.3716216918734705,0.371428853804211,3.9079266273359603
