,RMSE,MSE,MAE,EVS,R2,Max Error
0,0.7865070162466108,0.6185932866051465,0.6267297841133039,0.371883573097622,0.3718698506606194,3.2140192794165556
