,RMSE,MSE,MAE,EVS,R2,Max Error
0,0.8184861520346882,0.6699195810725507,0.6292770128749798,0.3469970016089765,0.3466831258427282,3.1322623445368096
