,RMSE,MSE,MAE,EVS,R2,Max Error
0,0.826236728972143,0.6826671323025865,0.6542978444889714,0.34932733758798873,0.3399962511580602,3.895576625878714
