,RMSE,MSE,MAE,EVS,R2,Max Error
0,0.7787054631726582,0.6063821983749441,0.611416682121747,0.3381405997750042,0.33800014731064976,3.4128233827220815
