,precision,recall,f1-score,support,ROC_AUC
Neutral or dissatisfied,0.8748770894788593,0.906751592356688,0.8905292130614287,11775.0,
Satisfied,0.8719682835820896,0.8304275402554137,0.8506910869688868,9005.0,
accuracy,0.8736766121270453,0.8736766121270453,0.8736766121270453,0.8736766121270453,0.9255492171723423
macro avg,0.8734226865304744,0.8685895663060508,0.8706101500151577,20780.0,
weighted avg,0.8736165602632476,0.8736766121270453,0.8732653860420188,20780.0,
