,precision,recall,f1-score,support,ROC_AUC
Neutral or dissatisfied,0.882196781151485,0.9030230978260868,0.8924884599244649,11776.0,
Satisfied,0.8691417440128337,0.8423098278734037,0.855515452289646,9005.0,
accuracy,0.8767143063375199,0.8767143063375199,0.8767143063375199,0.8767143063375199,0.9286446199876881
macro avg,0.8756692625821594,0.8726664628497454,0.8740019561070554,20781.0,
weighted avg,0.8765396612133899,0.8767143063375199,0.876467001200075,20781.0,
