,precision,recall,f1-score,support,ROC_AUC
Neutral or dissatisfied,0.8765085138039346,0.9004755434782609,0.8883304012733517,11776.0,
Satisfied,0.8650236093516066,0.8340921710161021,0.8492763455450022,9005.0,
accuracy,0.8717097348539531,0.8717097348539531,0.8717097348539531,0.8717097348539531,0.9244644524931802
macro avg,0.8707660615777706,0.8672838572471815,0.8688033734091769,20781.0,
weighted avg,0.871531777140963,0.8717097348539531,0.8714071650559518,20781.0,
