,RMSE,MSE,MAE,EVS,R2,Max Error
0,0.6917126229655829,0.47846635276992666,0.4636819277314259,0.6306919828342012,0.6252904735333569,3.439383788341206
