,RMSE,MSE,MAE,EVS,R2,Max Error
0,0.5397261275195304,0.2913042927272284,0.3771660167707663,0.6947177814288024,0.6930681586438633,2.4507971184844575
