,RMSE,MSE,MAE,EVS,R2,Max Error
0,0.5773021181833267,0.3332777356589557,0.3962435065710837,0.6129728036131901,0.6128531492368914,2.4843594186572293
