,RMSE,MSE,MAE,EVS,R2,Max Error
0,0.5484422243464163,0.3007888734460448,0.38827365102350614,0.6877621055675809,0.6756535003174502,2.371641418193671
