,RMSE,MSE,MAE,EVS,R2,Max Error
0,0.6201739203550625,0.3846156914885674,0.4204082242040914,0.6079316949110223,0.6078506090063716,2.8215827836719116
