,RMSE,MSE,MAE,EVS,R2,Max Error
0,0.6065769462384641,0.36793559170798057,0.44229458990069426,0.6246760797118704,0.6246604758482813,3.802835451500173
