,RMSE,MSE,MAE,EVS,R2,Max Error
0,0.5777301159863978,0.33377208691765664,0.42557702051132174,0.6666889534207143,0.6666879357923846,3.2476937880246837
