,RMSE,MSE,MAE,EVS,R2,Max Error
0,0.63045115576158,0.39746865980111196,0.4521003643228286,0.6078818563156771,0.6078614025605202,7.811582076756294
