,RMSE,MSE,MAE,EVS,R2,Max Error
0,0.592797410254201,0.35140876960408746,0.43400802523462423,0.6384062523917151,0.6383000229300924,4.238872638685255
