,RMSE,MSE,MAE,EVS,R2,Max Error
0,0.6075858480912522,0.3691605628007662,0.44707771697830034,0.6425904913161744,0.6425791272489811,3.605889220878069
