,RMSE,MSE,MAE,EVS,R2,Max Error
0,0.7395276740443075,0.5469011806773836,0.5268903084416654,0.511863018838222,0.5115972798534593,3.38598573194441
