,RMSE,MSE,MAE,EVS,R2,Max Error
0,0.6817995078824052,0.4648505689486899,0.4763690707836793,0.49070238164184965,0.48947625179199095,3.5824648426623287
