,RMSE,MSE,MAE,EVS,R2,Max Error
0,0.7314139832584949,0.5349664149060579,0.5130400995307801,0.48767045882656357,0.48742609851940333,5.910550555110854
