,RMSE,MSE,MAE,EVS,R2,Max Error
0,0.6857059258757936,0.4701926167811794,0.5070401204813366,0.5506315107022963,0.550070957353581,4.481334390915218
