,RMSE,MSE,MAE,EVS,R2,Max Error
0,0.5630968852361383,0.31707810216264076,0.422147507748414,0.6963236604842961,0.6962965875238217,2.271588089583251
