,RMSE,MSE,MAE,EVS,R2,Max Error
0,0.5494474702775276,0.3018925225943746,0.4109368518657854,0.6874274129175129,0.6873987327493023,2.1572500507662573
