,RMSE,MSE,MAE,EVS,R2,Max Error
0,0.5468174182649354,0.2990092889179292,0.40581615296416246,0.6936338701588185,0.6935959252301593,2.319003464700869
