,RMSE,MSE,MAE,EVS,R2,Max Error
0,0.5554995687621843,0.3085797708949728,0.4148737546992035,0.7096915620666071,0.7091645072374331,2.2494948826133996
