,RMSE,MSE,MAE,EVS,R2,Max Error
0,0.5389150443824393,0.2904294250617266,0.4008450990839892,0.6958801263312836,0.6954779509333546,2.3152099820385317
