,RMSE,MSE,MAE,EVS,R2,Max Error
0,0.21990939875570317,0.04836014366109486,0.1344150613083535,0.9499636921361588,0.9499244232252948,2.1301707782849593
