,RMSE,MSE,MAE,EVS,R2,Max Error
0,0.20980350187623933,0.04401750939953317,0.12898287843256526,0.9585269821718121,0.958513631663978,1.8949453950413204
