,RMSE,MSE,MAE,EVS,R2,Max Error
0,0.207423079629684,0.04302433396306224,0.12240221346918599,0.9559124158779533,0.9559116330858902,2.539422407849123
