,RMSE,MSE,MAE,EVS,R2,Max Error
0,0.21993603188531755,0.048371858121459416,0.12964729591411295,0.9536979208676303,0.9536685180114854,2.2649013543312786
