,RMSE,MSE,MAE,EVS,R2,Max Error
0,0.21224552853375034,0.04504816438257103,0.12488290201383138,0.9528036360865716,0.9527659453874,2.3612820583700795
