,RMSE,MSE,MAE,EVS,R2,Max Error
0,0.1312116630680599,0.01721650052508607,0.06756509411639604,0.982371098312346,0.9823691618656303,2.4119281293346746
