,RMSE,MSE,MAE,EVS,R2,Max Error
0,0.13300748520570985,0.017690991120747124,0.07000275798782518,0.9821178520212801,0.9821127036958454,1.4985354429143785
