,RMSE,MSE,MAE,EVS,R2,Max Error
0,0.13779093794262925,0.018986342579109507,0.06977208998088097,0.9813466136186942,0.9813466065715313,1.5751981308285306
