,RMSE,MSE,MAE,EVS,R2,Max Error
0,0.13822056544682546,0.01910492471244016,0.06913385026923903,0.9814438763027035,0.9814400103842871,2.957812548625161
