,RMSE,MSE,MAE,EVS,R2,Max Error
0,0.13069643216380888,0.017081557380349097,0.06669901344903255,0.9826972726763492,0.982697055376823,1.6207660144121623
