,RMSE,MSE,MAE,EVS,R2,Max Error
0,0.43547935396723925,0.18964226773172407,0.28408950499849533,0.812931226582242,0.8129008387207878,3.194211618316258
