,RMSE,MSE,MAE,EVS,R2,Max Error
0,0.3997101146615213,0.1597681757627265,0.26228345716309964,0.8404699450029853,0.8404520253627524,3.0286504009253163
