,RMSE,MSE,MAE,EVS,R2,Max Error
0,0.42701975747673493,0.18234587327548954,0.2758602235123171,0.8140043691139064,0.8139847982943387,3.0508014942359196
