,RMSE,MSE,MAE,EVS,R2,Max Error
0,0.4300241851439127,0.18492079980868614,0.2777798500842733,0.8209612360794292,0.8209598740559189,2.873690789562597
