,RMSE,MSE,MAE,EVS,R2,Max Error
0,0.2369698695019959,0.05615471905179296,0.14114629896684364,0.9454600731637953,0.9454469976635969,3.427154555209733
