,RMSE,MSE,MAE,EVS,R2,Max Error
0,0.21564852452961578,0.04650428613180029,0.1320927955154046,0.9523786278797947,0.952376527381421,2.099945385827932
