,RMSE,MSE,MAE,EVS,R2,Max Error
0,0.24085766279750506,0.05801241372827665,0.14491287691674817,0.9430058887261639,0.9430049061582138,2.5647614717403675
