,RMSE,MSE,MAE,EVS,R2,Max Error
0,0.22569646327172385,0.05093889353336459,0.14221048603010544,0.948402115820614,0.9484009078125577,2.089278142579376
