,RMSE,MSE,MAE,EVS,R2,Max Error
0,0.2310608001609861,0.05338909337103515,0.13845419329268488,0.9460249140473691,0.9460184833048768,2.6053857476867472
