,RMSE,MSE,MAE,EVS,R2,Max Error
0,0.5155309970569835,0.26577220892656744,0.3600031910474544,0.7269231819565982,0.7258420933049553,1.9870243881641978
