,RMSE,MSE,MAE,EVS,R2,Max Error
0,0.5392935086352292,0.290837488456096,0.3653634990194241,0.7330608539422063,0.7325293358877696,2.516787547543845
