,RMSE,MSE,MAE,EVS,R2,Max Error
0,0.5115947967561442,0.2617292360679605,0.35348286322739153,0.6428209996688949,0.6416952173526108,1.8396830059595266
