,RMSE,MSE,MAE,EVS,R2,Max Error
0,0.5003205622168154,0.2503206649769503,0.3528205323439065,0.7673249129789141,0.7672786896635495,2.53042672282446
