,RMSE,MSE,MAE,EVS,R2,Max Error
0,0.47712264209884436,0.22764601560338193,0.34044043488068726,0.8024111988868288,0.8023876675016378,1.8432425355617448
