,RMSE,MSE,MAE,EVS,R2,Max Error
0,0.5121458104903732,0.26229333120284126,0.36425070999468717,0.6430244755146479,0.6409229765906219,1.798296529788622
