,RMSE,MSE,MAE,EVS,R2,Max Error
0,0.47367205847619376,0.22436521898107473,0.33970937849347677,0.8052778221592609,0.8052356236640528,1.8619143922324701
