,RMSE,MSE,MAE,EVS,R2,Max Error
0,0.5012719863772656,0.25127360432660956,0.3516809818277506,0.7419141042511376,0.7407981607703156,2.0424857800734975
