,RMSE,MSE,MAE,EVS,R2,Max Error
0,0.4876795292237138,0.23783132322386313,0.35563260626447474,0.7791311926058475,0.7788899402899644,2.2234256332069386
