,RMSE,MSE,MAE,EVS,R2,Max Error
0,0.5179191620930327,0.2682402584631491,0.34998289183458686,0.753982929642596,0.7533110313473036,2.5883411837766683
