,RMSE,MSE,MAE,EVS,R2,Max Error
0,0.20033881528800704,0.0401356409110022,0.09383806840898114,0.9610091755104625,0.9610091591701938,2.8367022564997963
