,RMSE,MSE,MAE,EVS,R2,Max Error
0,0.19080100861916574,0.03640502489009096,0.09190357505126073,0.9632092399008064,0.9631910127180211,1.99740494478588
