,RMSE,MSE,MAE,EVS,R2,Max Error
0,0.17757453850277924,0.03153271672447503,0.0881860320849328,0.9680588294797248,0.9680586003282349,2.0936765208479047
