,RMSE,MSE,MAE,EVS,R2,Max Error
0,0.1912751096495966,0.0365861675714652,0.09014730019453696,0.9625362765046067,0.9625333384406698,2.4931157003832887
