,RMSE,MSE,MAE,EVS,R2,Max Error
0,0.18673399228362625,0.03486958387418138,0.08998480671730136,0.9657418976834817,0.9657418976834556,1.9818202526987874
