,RMSE,MSE,MAE,EVS,R2,Max Error
0,0.5456129081968534,0.29769344559102795,0.3935895962624657,0.685867195292666,0.6789913604526746,2.417399915663662
