,RMSE,MSE,MAE,EVS,R2,Max Error
0,0.5365937249835696,0.2879328256917428,0.390257813878592,0.6971853108496475,0.6966204941607383,2.4707623736602464
