,RMSE,MSE,MAE,EVS,R2,Max Error
0,0.5942533934729982,0.35313709565417406,0.4192406905345413,0.6399621777485784,0.6399457950816356,2.5496474927411357
