,RMSE,MSE,MAE,EVS,R2,Max Error
0,0.6710747040668676,0.450341258438434,0.456778226264275,0.6544073475594591,0.6473165589994981,3.589243155979402
