,RMSE,MSE,MAE,EVS,R2,Max Error
0,1.3340152524580888,1.7795966937908183,1.0721020199520181,0.3544176098217098,0.33634153455421734,3.657533720801971
