,RMSE,MSE,MAE,EVS,R2,Max Error
0,0.4276645335841794,0.18289695328577368,0.3267275402158563,0.5182821248988411,0.5089552025519978,1.1304730764806403
