,RMSE,MSE,MAE,EVS,R2,Max Error
0,0.4436668780474797,0.19684029867639719,0.3121024080341034,0.48494414245300066,0.3764417523103707,1.2872390777404359
