,RMSE,MSE,MAE,EVS,R2,Max Error
0,0.9051300058160029,0.8192603274284774,0.5166322705076487,0.2974097000548003,0.29244010884550486,4.40925989938339
