,RMSE,MSE,MAE,EVS,R2,Max Error
0,0.4665569677512876,0.21767540415727601,0.3579417697030085,0.7826626576243557,0.750147922173943,1.2972614634925068
