,RMSE,MSE,MAE,EVS,R2,Max Error
0,0.5527203081654704,0.30549973905853256,0.39377526068865276,0.6750498533035159,0.6705736821899377,2.319178881820037
