,RMSE,MSE,MAE,EVS,R2,Max Error
0,0.6902049115943234,0.47638281998892773,0.4667120112591834,0.6327260288501468,0.62692218614434,3.497912233438293
