,RMSE,MSE,MAE,EVS,R2,Max Error
0,0.5392246949455022,0.2907632716390699,0.38302140960495606,0.6948429567307044,0.6936382037923448,2.6622822403522983
