,RMSE,MSE,MAE,EVS,R2,Max Error
0,0.5558967459032572,0.3090211921058305,0.38824700125204054,0.6411401352968016,0.6410303823437566,2.3380202220988546
