,RMSE,MSE,MAE,EVS,R2,Max Error
0,0.5990119252196472,0.35881528655534817,0.41145556059364935,0.6341672433022595,0.6341563820308496,2.821273754591914
