,RMSE,MSE,MAE,EVS,R2,Max Error
0,0.769023246845982,0.5913967541895362,0.5993047568687794,0.3551150434210869,0.3543600633335976,3.526155311571302
