,RMSE,MSE,MAE,EVS,R2,Max Error
0,0.7982618755927879,0.6372220220249156,0.6255632772143244,0.3856062888179732,0.3855863995129495,3.536010124621803
