,RMSE,MSE,MAE,EVS,R2,Max Error
0,0.7979375551189375,0.6367043418691875,0.6229952114487766,0.3856493894851134,0.38443315540883305,3.8823442457269652
