,RMSE,MSE,MAE,EVS,R2,Max Error
0,0.822356727670452,0.6762705875448539,0.6337408470782855,0.3415108889402828,0.3404895172164587,3.513740750342809
