,RMSE,MSE,MAE,EVS,R2,Max Error
0,0.28226858668222593,0.07967555502758128,0.19618595258280425,0.9090970427314319,0.9085468427052873,1.071942955412708
