,RMSE,MSE,MAE,EVS,R2,Max Error
0,0.218960668202745,0.04794377421979259,0.17425202260753164,0.8741266093045866,0.8712797535568242,0.48878619816398866
