,RMSE,MSE,MAE,EVS,R2,Max Error
0,0.22597729314079618,0.05106573701524133,0.15435932213211973,0.8493882721771076,0.8382319997260728,0.683786477366017
