,RMSE,MSE,MAE,EVS,R2,Max Error
0,0.5098668339447542,0.25996418835684754,0.3200225803276654,0.9067238788194047,0.9030525090781926,2.080651152865366
