,RMSE,MSE,MAE,EVS,R2,Max Error
0,0.22558383797336143,0.05088806795479178,0.183776990438043,0.9589775433405391,0.9560501654752732,0.6333036769873003
