,RMSE,MSE,MAE,EVS,R2,Max Error
0,0.7269609135424697,0.5284721698185022,0.5152777887140066,0.5280557436702957,0.5280550593410434,3.296967565211735
