,RMSE,MSE,MAE,EVS,R2,Max Error
0,0.6347360289066007,0.4028898263921211,0.4575633744051074,0.6148212378703397,0.6144732447703444,4.849418798724228
