,RMSE,MSE,MAE,EVS,R2,Max Error
0,0.6139487237144142,0.37693303535055817,0.444762656655466,0.5743906601397064,0.5716697669902584,3.494508503536448
