,RMSE,MSE,MAE,EVS,R2,Max Error
0,0.6590942381915362,0.43440521481728145,0.4654245190663178,0.5851075442811872,0.5837780287169776,3.0685596343592856
