,RMSE,MSE,MAE,EVS,R2,Max Error
0,0.6463124756623023,0.41771981619673415,0.4434574757374976,0.5470909877422798,0.541237764325386,3.3037911061916856
