,RMSE,MSE,MAE,EVS,R2,Max Error
0,0.6714097665850521,0.45079107466579416,0.4677270208953334,0.5740413587043187,0.5680780447971622,3.7073374337281937
