,RMSE,MSE,MAE,EVS,R2,Max Error
0,0.6148332582394764,0.37801993543737067,0.43343981150980687,0.5738920172176871,0.570434661218726,3.530092512223802
