,RMSE,MSE,MAE,EVS,R2,Max Error
0,0.7479576134999713,0.5594405915925724,0.5259451856317515,0.5019465900916678,0.5003991281280817,3.7590944500691146
