,RMSE,MSE,MAE,EVS,R2,Max Error
0,0.705685441053013,0.4979919417141854,0.5064661953838572,0.5235260790223828,0.5234696811809587,5.047055164614731
