,RMSE,MSE,MAE,EVS,R2,Max Error
0,0.8708406708917328,0.7583634740791632,0.6480606476316805,0.2305575399067834,0.22994482393900384,7.50982157073603
