,RMSE,MSE,MAE,EVS,R2,Max Error
0,0.8425535708493064,0.7098965197509172,0.6604884822686121,0.31630118868976975,0.31551317814258917,3.4906903960037003
