,RMSE,MSE,MAE,EVS,R2,Max Error
0,0.7676219865200403,0.5892435141889729,0.6054942159948623,0.35739409309526915,0.356710799498013,3.546316885282455
