,RMSE,MSE,MAE,EVS,R2,Max Error
0,0.822409416268739,0.676357247967488,0.6317187880619572,0.3468491038806729,0.3460966581043816,4.3645538099624615
