,RMSE,MSE,MAE,EVS,R2,Max Error
0,0.8348882866620566,0.6970384512055045,0.6518613842996015,0.3211531025155273,0.3202363463090222,3.28678067820488
