,RMSE,MSE,MAE,EVS,R2,Max Error
0,0.7948660465338112,0.6318120319322909,0.6286168201217283,0.31038792791451053,0.3102378777156757,3.805619556413831
