,RMSE,MSE,MAE,EVS,R2,Max Error
0,0.8304846189111231,0.6897047022479533,0.6517959472658117,0.32826629041743427,0.3273883419815933,3.5202255866827596
