,RMSE,MSE,MAE,EVS,R2,Max Error
0,0.7975422312404229,0.6360736106119522,0.6274075800158443,0.35470363108872316,0.35412003221503985,3.5546219232044165
