,RMSE,MSE,MAE,EVS,R2,Max Error
0,0.833344746702162,0.6944634668560905,0.654704446730441,0.33040081013734934,0.330393827693095,3.6941677712778396
