,RMSE,MSE,MAE,EVS,R2,Max Error
0,0.7988958083928737,0.638234512667703,0.6227556429008514,0.38305646319214637,0.3829537836687842,3.4010353086542113
