,RMSE,MSE,MAE,EVS,R2,Max Error
0,0.7931060866057694,0.6290172646111182,0.609073552187711,0.38743930424771456,0.38657175470410887,3.2316658839241663
