,RMSE,MSE,MAE,EVS,R2,Max Error
0,0.7754183442291078,0.6012736085670112,0.6048903995497913,0.4203479935608656,0.4202480925823152,3.7727184857106546
