,RMSE,MSE,MAE,EVS,R2,Max Error
0,0.742185221698775,0.5508389033080598,0.5780079242779532,0.39946389637379676,0.3986378989641419,3.101713411337475
