,RMSE,MSE,MAE,EVS,R2,Max Error
0,0.7697434423809884,0.592504967088534,0.5964674095122156,0.42887941621232983,0.42716518639633216,3.5634100372558097
