,RMSE,MSE,MAE,EVS,R2,Max Error
0,0.7467146337835365,0.5575827443064811,0.5882970767802295,0.4338641828671074,0.4338209934795987,2.9447525309533336
