,RMSE,MSE,MAE,EVS,R2,Max Error
0,0.7293036543716364,0.5318838202798232,0.5167643652796133,0.4937072233805815,0.491038418051145,5.212339619437271
