,RMSE,MSE,MAE,EVS,R2,Max Error
0,0.7704326034751539,0.5935663964975036,0.5484480406279182,0.4707242247524329,0.469923538512212,3.4417393497557263
