,RMSE,MSE,MAE,EVS,R2,Max Error
0,0.6854457036698776,0.4698358126794936,0.4888741116307891,0.47194957705054885,0.46609910979501845,3.894844313118539
