,RMSE,MSE,MAE,EVS,R2,Max Error
0,0.7576057935097474,0.573966538359534,0.5235264148213888,0.4509364460537545,0.4500584341581114,4.562006885441756
