,RMSE,MSE,MAE,EVS,R2,Max Error
0,0.6822443101581539,0.46545729874317526,0.48619850043703333,0.4894364917757159,0.48880990869267915,3.2860952006738353
