,RMSE,MSE,MAE,EVS,R2,Max Error
0,0.7500881738105066,0.5626322684903808,0.5557867380115804,0.4174836063112157,0.4174100152770557,3.2738552701858668
