,RMSE,MSE,MAE,EVS,R2,Max Error
0,0.7084648534850055,0.5019224486235303,0.5273669102883465,0.4738270516104037,0.47372256617971753,3.420171863582528
