,RMSE,MSE,MAE,EVS,R2,Max Error
0,0.7552953865094284,0.5704711208824269,0.5594931465798841,0.4154409683807643,0.4154205823857505,3.4261216232025156
