,RMSE,MSE,MAE,EVS,R2,Max Error
0,0.8659651545284931,0.749895648857557,0.6524720090305227,0.28186617228154365,0.28173574269011203,3.873606743413263
