,RMSE,MSE,MAE,EVS,R2,Max Error
0,0.6597430180146524,0.43526084981908203,0.4821317839762172,0.590008728602996,0.5897679767852577,3.192232704777945
