,RMSE,MSE,MAE,EVS,R2,Max Error
0,0.13357727473700653,0.017842888326165728,0.07136282184847562,0.9819507043653111,0.9819258571246934,1.639710089254958
