,RMSE,MSE,MAE,EVS,R2,Max Error
0,0.13894722319273803,0.01930633083297256,0.07494164869692072,0.9810491297487649,0.9810322297100095,2.1309402295682744
