,RMSE,MSE,MAE,EVS,R2,Max Error
0,0.13145951886034896,0.017281605098994443,0.07257413709301637,0.982445952371179,0.9823024904649752,1.6480808463390564
