,RMSE,MSE,MAE,EVS,R2,Max Error
0,0.136317686367725,0.018582511616649443,0.07535727096007522,0.9812172089302325,0.981211290588881,1.4725539729200003
