,RMSE,MSE,MAE,EVS,R2,Max Error
0,0.13852619432996838,0.019189506515544165,0.0766356738006518,0.9814308543812728,0.9813578411315463,2.2582154659730693
