,RMSE,MSE,MAE,EVS,R2,Max Error
0,0.23169357668248866,0.053681913475924256,0.16752728325875338,0.8688836261847859,0.8558739013644532,0.5815827622266857
