,RMSE,MSE,MAE,EVS,R2,Max Error
0,0.18765998821679133,0.035216271177526265,0.14366783600049435,0.8917945510232494,0.8884405454915407,0.4055208558840137
