,RMSE,MSE,MAE,EVS,R2,Max Error
0,0.3626937993147482,0.13154679206136685,0.22480104776256343,0.953151786382517,0.9509427374986885,1.6286087974531758
