,RMSE,MSE,MAE,EVS,R2,Max Error
0,0.29258869990831066,0.08560814731403546,0.21229451641947356,0.9017374129896097,0.9017372974771345,0.8840676519515549
