,RMSE,MSE,MAE,EVS,R2,Max Error
0,0.20765597372565273,0.04312100342394897,0.14761028854322755,0.9644638738862139,0.9627582448854933,0.5867931667688571
