,RMSE,MSE,MAE,EVS,R2,Max Error
0,0.8322489599729961,0.6926383313761336,0.6192601112025062,0.35460890634393727,0.35131812822779296,3.478877450277765
