,RMSE,MSE,MAE,EVS,R2,Max Error
0,0.8071507374809151,0.6514923130159852,0.6008545078274177,0.31707308307952764,0.3158312004804821,3.209488681380005
