,RMSE,MSE,MAE,EVS,R2,Max Error
0,0.8571552547842511,0.7347151308042544,0.6199639411221487,0.21110280833889716,0.20695645534241092,4.095630284968458
