,RMSE,MSE,MAE,EVS,R2,Max Error
0,1.0697458421691193,1.1443561668381181,0.7015426962496347,0.26275742294097915,0.24525653756194532,4.240793880470372
