,RMSE,MSE,MAE,EVS,R2,Max Error
0,0.640108662418536,0.4097390997032473,0.5145535915884044,0.2974580662523405,0.2970880531010385,2.128810024363093
