,RMSE,MSE,MAE,EVS,R2,Max Error
0,1.1055531562958154,1.2222477813956396,0.7597540780098164,0.20511672011503712,0.19388425630053774,4.059269776837304
