,RMSE,MSE,MAE,EVS,R2,Max Error
0,0.8297282540065083,0.6884489754966887,0.5889890888735952,0.3585352881395366,0.3552416177176093,3.303306442225349
