,RMSE,MSE,MAE,EVS,R2,Max Error
0,0.8389881407236309,0.703901100274895,0.6380524059832767,0.26080198368956675,0.260793778937916,3.227301224585822
