,RMSE,MSE,MAE,EVS,R2,Max Error
0,0.8643395529904465,0.7470828628637248,0.6440382569948883,0.19892836240896772,0.19360685947784595,3.8968132303168805
