,RMSE,MSE,MAE,EVS,R2,Max Error
0,0.703019665212597,0.4942366496756319,0.5423965039582631,0.15267172496358072,0.1521315737162362,2.557351732093608
