,RMSE,MSE,MAE,EVS,R2,Max Error
0,0.7366117687264196,0.5425968978262644,0.5089606454046328,0.5066211250398427,0.5009215261076183,3.4247481053892375
