,RMSE,MSE,MAE,EVS,R2,Max Error
0,0.8449629756016415,0.7139624301375801,0.5421105294737895,0.16828805327194674,0.15686442366067244,5.150061574218708
