,RMSE,MSE,MAE,EVS,R2,Max Error
0,0.8992662596835849,0.8086798058053046,0.5255095555065705,0.2095930053838032,0.20831964463941544,8.685173027133565
