,RMSE,MSE,MAE,EVS,R2,Max Error
0,0.7324064588059079,0.5364192209006101,0.5233776782386352,0.44686822421890793,0.44592809883917806,3.19985912334853
