,RMSE,MSE,MAE,EVS,R2,Max Error
0,0.9459937860576318,0.8949042432596526,0.591412355745863,0.15725847342898902,0.15367964930471745,5.731363605191689
