,RMSE,MSE,MAE,EVS,R2,Max Error
0,0.4076282475099676,0.16616078816804744,0.24843937837687538,0.8148448612840717,0.8092774039504902,1.6499278298124422
