,RMSE,MSE,MAE,EVS,R2,Max Error
0,0.5000690786267291,0.2500690833985858,0.31768178709785694,0.9080199710610498,0.9067426542638618,1.562609476875802
