,RMSE,MSE,MAE,EVS,R2,Max Error
0,0.3526173061520249,0.12433896459791086,0.2640168154987094,0.8946133763112092,0.8926137867150159,1.2098464708662156
