,RMSE,MSE,MAE,EVS,R2,Max Error
0,0.28024222851232455,0.07853570664155393,0.20920926387436972,0.8276977608339949,0.7891460220226794,0.7298823562817551
