,RMSE,MSE,MAE,EVS,R2,Max Error
0,0.245166887939098,0.060106802941742234,0.14789132268373112,0.820449092479064,0.8095913643262886,1.071377848918628
