,RMSE,MSE,MAE,EVS,R2,Max Error
0,0.7879413463773166,0.6208515653308985,0.6077142512711065,0.36959676534871955,0.3695767560151192,4.127295217917802
