,RMSE,MSE,MAE,EVS,R2,Max Error
0,0.7580402822675676,0.5746250695402935,0.5896449245787766,0.4467392886025652,0.4459427864962131,3.702407834771119
