,RMSE,MSE,MAE,EVS,R2,Max Error
0,0.7602801515536938,0.5780259088465075,0.5962327605722394,0.3693943346494687,0.36895728876524503,3.690501412685027
