,RMSE,MSE,MAE,EVS,R2,Max Error
0,0.8041895324034873,0.6467208040273397,0.6211288768182477,0.3713161380321405,0.3693069644819623,3.582338034587597
