,RMSE,MSE,MAE,EVS,R2,Max Error
0,0.7722685385240148,0.5963986955940177,0.5950174401446573,0.42608179459169815,0.42340072303052745,3.7261216158172683
