,RMSE,MSE,MAE,EVS,R2,Max Error
0,0.42940735515764134,0.18439067666348072,0.28870296421218644,0.815885228095527,0.8158634605220714,3.327510024865907
