,RMSE,MSE,MAE,EVS,R2,Max Error
0,0.4454004789745931,0.19838158667079697,0.292467043971555,0.7990922327456047,0.7976263997841859,3.3250001220965912
