,RMSE,MSE,MAE,EVS,R2,Max Error
0,0.4541277655287674,0.20623202742415114,0.30105523750486807,0.7967063568872624,0.7965335480244556,3.3160299971032536
