,RMSE,MSE,MAE,EVS,R2,Max Error
0,0.4391671375565544,0.19286777470961758,0.28652891274407605,0.8015350570700099,0.8014839818352064,3.2380212754613686
