,RMSE,MSE,MAE,EVS,R2,Max Error
0,0.4431271585292013,0.19636167862616394,0.295991923484094,0.8098833602891332,0.8098828270903455,3.4068100315514767
