,RMSE,MSE,MAE,EVS,R2,Max Error
0,0.43722493032515664,0.1911656396978381,0.3003189137199877,0.8032441736659333,0.8032359648475376,3.163491604287162
