,RMSE,MSE,MAE,EVS,R2,Max Error
0,0.4439061548514131,0.19705267431496673,0.30708725371931905,0.8092147094603854,0.8092138057835048,3.9377891353819736
