,RMSE,MSE,MAE,EVS,R2,Max Error
0,0.43698291626133656,0.19095406910426227,0.3000572345707648,0.8052208480871089,0.8052033805707153,3.3304152229931265
