,RMSE,MSE,MAE,EVS,R2,Max Error
0,0.4204578871076422,0.17678483483102278,0.2941341506820666,0.8234889485939296,0.8234588195726879,2.850134689095674
