,RMSE,MSE,MAE,EVS,R2,Max Error
0,0.4542419010542859,0.2063357046734117,0.3146562006791652,0.7964448750115347,0.7964312610890989,3.4754820119050933
