,RMSE,MSE,MAE,EVS,R2,Max Error
0,0.13304606336436253,0.01770125497675397,0.06561453145781268,0.9820715774352067,0.9820693261273785,1.574758682498281
