,RMSE,MSE,MAE,EVS,R2,Max Error
0,0.1425779859993587,0.020328482091633324,0.06889143615737683,0.9800287744077703,0.9800280031460065,1.513920325906331
