,RMSE,MSE,MAE,EVS,R2,Max Error
0,0.1386650809194208,0.01922800466638952,0.06884586031164866,0.9805679522120416,0.9805586349313111,1.6521671341148974
