,RMSE,MSE,MAE,EVS,R2,Max Error
0,0.13916937570565382,0.019368115134301426,0.06925689384861229,0.9811845025772528,0.9811843270162433,1.9661743238401994
