,RMSE,MSE,MAE,EVS,R2,Max Error
0,0.13577240933169699,0.018434147135733877,0.06673076094102205,0.9811224520277806,0.9811222109962643,2.1845910694181114
