,RMSE,MSE,MAE,EVS,R2,Max Error
0,0.7110625258555228,0.505609915676036,0.48123634672853904,0.6099893857774059,0.604033071535736,3.4242718041932303
