,RMSE,MSE,MAE,EVS,R2,Max Error
0,0.5560615115248558,0.3092044045993074,0.40201129007675374,0.6709544719553868,0.6665788691941026,2.2643162867326545
