,RMSE,MSE,MAE,EVS,R2,Max Error
0,0.565064935195861,0.31929838098790253,0.39783090904636564,0.6291889556276828,0.6290920471815682,2.508281684329574
