,RMSE,MSE,MAE,EVS,R2,Max Error
0,0.6098460710102387,0.3719122303266251,0.42626864879731136,0.6208067708228554,0.6208029005233571,2.8111331088442606
