,RMSE,MSE,MAE,EVS,R2,Max Error
0,0.5588784944760374,0.31234517158780223,0.397602738853436,0.6718789220759351,0.6708985035661243,2.7449095555199943
