,RMSE,MSE,MAE,EVS,R2,Max Error
0,0.918814712183623,0.8442204753250739,0.704919729677991,0.1878221755743592,0.18599715025372032,3.4767884140916783
