,RMSE,MSE,MAE,EVS,R2,Max Error
0,0.8861203176651015,0.7852092173789003,0.6866204829027266,0.203128069406055,0.20268519937933083,3.903166003245896
