,RMSE,MSE,MAE,EVS,R2,Max Error
0,0.9105062547885616,0.8290216400090932,0.6929948021104556,0.19285337840468497,0.1915241145924642,3.6261788485466724
