,RMSE,MSE,MAE,EVS,R2,Max Error
0,0.9012387214845582,0.8122312331031211,0.6974937892388541,0.2167908140775734,0.21473345733457638,3.619544821481113
