,RMSE,MSE,MAE,EVS,R2,Max Error
0,0.8478692442336452,0.7188822553173327,0.6571146962850501,0.2154834037058817,0.21518153336882906,3.385919030599786
