,RMSE,MSE,MAE,EVS,R2,Max Error
0,0.34917758794163384,0.12192498792073744,0.2397391354582714,0.860288991113858,0.8600521189389744,1.0714583698830213
