,RMSE,MSE,MAE,EVS,R2,Max Error
0,0.25062046455874964,0.06281061725564348,0.17700739597320062,0.8564082052248279,0.831365004863203,0.6786169671794862
