,RMSE,MSE,MAE,EVS,R2,Max Error
0,0.39554127324426724,0.15645289883969607,0.2584856221484651,0.9446766220456978,0.941654594481562,1.5541840841637953
