,RMSE,MSE,MAE,EVS,R2,Max Error
0,0.22401855002355017,0.05018431075465385,0.15130066956760924,0.8413134696576118,0.84102421564027,0.9475062490250837
