,RMSE,MSE,MAE,EVS,R2,Max Error
0,0.23601441460392614,0.055702803900833944,0.1772382821967256,0.9523474289632528,0.9518918852218985,0.532563249756904
