,RMSE,MSE,MAE,EVS,R2,Max Error
0,0.5713124234913759,0.32639788523558927,0.4147584699812064,0.6208974457066996,0.6208450195004758,2.559001232978286
