,RMSE,MSE,MAE,EVS,R2,Max Error
0,0.6101897356184054,0.3723315134540595,0.418506494237865,0.6239221025338959,0.6203754046444423,2.8146402960763255
