,RMSE,MSE,MAE,EVS,R2,Max Error
0,0.5310632379017755,0.28202816265071773,0.37774648731388744,0.704231985497245,0.7028419235904322,2.681300284121672
