,RMSE,MSE,MAE,EVS,R2,Max Error
0,0.5449945979642405,0.29701911181020413,0.39364651217478586,0.6805064229697326,0.679718507700251,2.3820015445893237
