,RMSE,MSE,MAE,EVS,R2,Max Error
0,0.6660907535579493,0.4436768919753967,0.4539025003158788,0.6578063039282764,0.6525357381269501,3.640362945460565
