,RMSE,MSE,MAE,EVS,R2,Max Error
0,0.13251447457369742,0.017560085971543096,0.06723154682452565,0.982249863955758,0.982245061412582,1.4808392282566745
