,RMSE,MSE,MAE,EVS,R2,Max Error
0,0.13199622305686745,0.01742300290127831,0.06810411633552309,0.9821580949820881,0.9821576897395903,2.077622795930905
