,RMSE,MSE,MAE,EVS,R2,Max Error
0,0.13381973732373786,0.017907722097394198,0.06844388274171456,0.9826063260393135,0.9826030648551947,1.5090778707109185
