,RMSE,MSE,MAE,EVS,R2,Max Error
0,0.13772501896176262,0.018968180848017876,0.06784192319359644,0.9813644831608793,0.9813644498140611,2.295804378167701
