,RMSE,MSE,MAE,EVS,R2,Max Error
0,0.13279180185038197,0.01763366263867111,0.06841071339764324,0.9821378694642207,0.9821377945027588,1.6969209593523846
