,RMSE,MSE,MAE,EVS,R2,Max Error
0,0.5761482376900356,0.3319467917933338,0.391125351321874,0.6144728914500908,0.6143992192889433,2.7057603298733603
