,RMSE,MSE,MAE,EVS,R2,Max Error
0,0.539494059026203,0.2910538397245681,0.37417877933005056,0.6939003505682646,0.6933320476533935,2.484594842444528
