,RMSE,MSE,MAE,EVS,R2,Max Error
0,0.6005097166509653,0.3606119197922227,0.4161596013552746,0.6323557153920454,0.6323245570552423,2.615849428656004
