,RMSE,MSE,MAE,EVS,R2,Max Error
0,0.5236186789000586,0.27417652089304273,0.37425660416526807,0.7089782696639213,0.7043501183139684,2.007799520563084
