,RMSE,MSE,MAE,EVS,R2,Max Error
0,0.6874787061855071,0.4726269714584988,0.46328567547391625,0.6363660018405422,0.6298635679492884,3.5835718520442237
