,RMSE,MSE,MAE,EVS,R2,Max Error
0,0.4696763744111604,0.2205958966800125,0.33213674197014526,0.7797135728320879,0.7797081404944315,3.017195909505273
