,RMSE,MSE,MAE,EVS,R2,Max Error
0,0.5057622581254343,0.2557954617441384,0.3571996859468768,0.7523628841171168,0.7523391001229939,3.5724337086903595
