,RMSE,MSE,MAE,EVS,R2,Max Error
0,0.5034325178191282,0.2534442999977069,0.3444765343208292,0.741493170493748,0.741455664784926,3.598871733467367
