,RMSE,MSE,MAE,EVS,R2,Max Error
0,0.5362931187497636,0.287610309218348,0.37924253992302603,0.7162465763236419,0.716246550552053,3.443997077037535
