,RMSE,MSE,MAE,EVS,R2,Max Error
0,0.4897341660251396,0.239839553372339,0.34052792943177074,0.7531416837291247,0.7531366076806558,3.0475119329158615
