,RMSE,MSE,MAE,EVS,R2,Max Error
0,0.3450510541638111,0.1190602299795573,0.2316514860403082,0.6982293205439951,0.6803451043655423,1.2526918133715634
