,RMSE,MSE,MAE,EVS,R2,Max Error
0,0.3660024164813369,0.13395776887017802,0.26510678870098725,0.8906128620301761,0.8843064393724632,1.373285164200651
