,RMSE,MSE,MAE,EVS,R2,Max Error
0,0.24618858667240517,0.060608820207756355,0.16414178166923823,0.8102605873628039,0.8080010547768182,1.0437632004354023
