,RMSE,MSE,MAE,EVS,R2,Max Error
0,0.4225852356456544,0.1785782813856933,0.26740582388848333,0.9377150842152137,0.9334034567495633,1.8435388386945477
