,RMSE,MSE,MAE,EVS,R2,Max Error
0,0.33291428883176244,0.11083192370835815,0.22649012083137174,0.873237108606506,0.872784954573993,1.1660820756113444
