,RMSE,MSE,MAE,EVS,R2,Max Error
0,0.5468956196505754,0.2990948187929868,0.4059470381473986,0.6935439050615605,0.6935082801194438,2.326635881195549
