,RMSE,MSE,MAE,EVS,R2,Max Error
0,0.539678559970068,0.2912529480913662,0.4021294019532803,0.6950616424493123,0.6946144677639542,2.260877338739066
