,RMSE,MSE,MAE,EVS,R2,Max Error
0,0.5668329459807374,0.3212995886492016,0.42460147033282497,0.6922919764426168,0.6922531678018475,2.3226252058232575
