,RMSE,MSE,MAE,EVS,R2,Max Error
0,0.5584515635907541,0.3118681488769581,0.41680534668250974,0.7065722383050034,0.7060652210204317,2.2806908358710114
