,RMSE,MSE,MAE,EVS,R2,Max Error
0,0.5513416093395428,0.30397757018911703,0.41160218189158787,0.6852607911731465,0.6852397242558385,2.1838547950008698
