,precision,recall,f1-score,support,ROC_AUC
Neutral or dissatisfied,0.9348482307563308,0.9467561141304348,0.9407644924478948,11776.0,
Satisfied,0.929192546583851,0.9137146029983344,0.9213885778275476,9005.0,
accuracy,0.9324382849718492,0.9324382849718492,0.9324382849718492,0.9324382849718492,0.9787966339654298
macro avg,0.9320203886700908,0.9302353585643846,0.9310765351377212,20781.0,
weighted avg,0.9323974614972392,0.9324382849718492,0.9323683560176832,20781.0,
