,precision,recall,f1-score,support,ROC_AUC
Neutral or dissatisfied,0.9334560977651292,0.9470912951167728,0.9402242643959194,11775.0,
Satisfied,0.9294690365674176,0.911715713492504,0.9205067832716672,9005.0,
accuracy,0.9317613089509144,0.9317613089509144,0.9317613089509144,0.9317613089509144,0.9790507986244962
macro avg,0.9314625671662736,0.9294035043046384,0.9303655238337932,20780.0,
weighted avg,0.9317283072894126,0.9317613089509144,0.9316797062860112,20780.0,
