,precision,recall,f1-score,support,ROC_AUC
Neutral or dissatisfied,0.9363857035238972,0.9499830163043478,0.9431353538759852,11776.0,
Satisfied,0.9333257867330768,0.9156024430871738,0.9243791692359438,9005.0,
accuracy,0.9350849333525816,0.9350849333525816,0.9350849333525816,0.9350849333525816,0.9798141185905173
macro avg,0.9348557451284868,0.9327927296957608,0.9337572615559644,20781.0,
weighted avg,0.9350597543057968,0.9350849333525816,0.9350077641217108,20781.0,
