,precision,recall,f1-score,support,ROC_AUC
Neutral or dissatisfied,0.939958071278826,0.9518512228260868,0.9458672629846842,11776.0,
Satisfied,0.9359756097560976,0.9204886174347584,0.9281675158165836,9005.0,
accuracy,0.9382609114094606,0.9382609114094606,0.9382609114094606,0.9382609114094606,0.9807221474935424
macro avg,0.9379668405174618,0.9361699201304228,0.937017389400634,20781.0,
weighted avg,0.9382323571162656,0.9382609114094606,0.9381974577179144,20781.0,
