,precision,recall,f1-score,support,ROC_AUC
Neutral or dissatisfied,0.9355616529475348,0.9555027173913044,0.945427047010881,11776.0,
Satisfied,0.9401416495316428,0.9139367018323152,0.9268539895264374,9005.0,
accuracy,0.9374909773350656,0.9374909773350656,0.9374909773350656,0.9374909773350656,0.9810416880416676
macro avg,0.9378516512395888,0.9347197096118098,0.9361405182686592,20781.0,
weighted avg,0.9375462960946352,0.9374909773350656,0.937378811476142,20781.0,
