,RMSE,MSE,MAE,EVS,R2,Max Error
0,0.252689324523252,0.06385189472801736,0.16585210154578653,0.9353226873514414,0.9353205463668773,3.906350045511414
