,RMSE,MSE,MAE,EVS,R2,Max Error
0,0.2659022145020053,0.07070398767707042,0.17353168772681052,0.928536426167405,0.928511457112096,2.57537541260408
