,RMSE,MSE,MAE,EVS,R2,Max Error
0,1.8580562929504636,3.452373187772819,0.18450076206695523,-2.535094202964776,-2.535459065236282,191.24138675746397
