,RMSE,MSE,MAE,EVS,R2,Max Error
0,0.3874750762540561,0.15013693471808656,0.1719951153091067,0.8524990313243686,0.852495903317249,29.771661376221413
