,RMSE,MSE,MAE,EVS,R2,Max Error
0,7.848238595102633,61.59484904565855,0.25010786107256944,-58.831790597793315,-58.837961984976324,814.6944252000494
