,RMSE,MSE,MAE,EVS,R2,Max Error
0,0.19613801287785715,0.03847012009567446,0.12283006327132827,0.9637536172055249,0.9637420291608529,1.5434167429872885
