,RMSE,MSE,MAE,EVS,R2,Max Error
0,0.19375681515817847,0.03754170342024053,0.11791559758374859,0.9615354908144411,0.9615298543286398,2.489649895723113
