,RMSE,MSE,MAE,EVS,R2,Max Error
0,0.20369457157815216,0.041491478490406956,0.1225626347198568,0.9602623652668906,0.9602586759531095,2.3471028362122714
