,RMSE,MSE,MAE,EVS,R2,Max Error
0,0.20678822963735063,0.042761371916549655,0.12826215137679453,0.9557442758276452,0.9557217948440141,2.1871655083898816
