,RMSE,MSE,MAE,EVS,R2,Max Error
0,0.19624274322729807,0.03851121426937524,0.11871679380649319,0.9596414960767966,0.9596200905646448,2.1653917718987516
