,RMSE,MSE,MAE,EVS,R2,Max Error
0,0.30255932644045275,0.09154214601610046,0.20963175648409577,0.9151078549962117,0.9137218066242035,2.1063505981661548
