,RMSE,MSE,MAE,EVS,R2,Max Error
0,0.29960416031072357,0.08976265287549375,0.20491230497019663,0.9073318696531342,0.9070532824081722,1.9809270658597276
