,RMSE,MSE,MAE,EVS,R2,Max Error
0,0.3040299513764176,0.09243421133394684,0.20524352722464648,0.9115517654119717,0.911464761457212,2.4719600522701977
