,RMSE,MSE,MAE,EVS,R2,Max Error
0,0.2908987132055238,0.08462206134462957,0.19860663822225647,0.9134319901764707,0.9132851540992271,2.272717020111459
