,RMSE,MSE,MAE,EVS,R2,Max Error
0,0.2875700806786821,0.08269655130154373,0.1924741835915387,0.9133668528118635,0.9132907306216002,2.106363892865147
