,RMSE,MSE,MAE,EVS,R2,Max Error
0,0.6914406381753454,0.47809015612032896,0.4845822303234462,0.5390261920090208,0.539022375206264,3.7635747746117767
