,RMSE,MSE,MAE,EVS,R2,Max Error
0,0.6420697624810643,0.4122535798924903,0.45660617868169456,0.5500121657348169,0.5499343320254656,3.3479654299554618
