,RMSE,MSE,MAE,EVS,R2,Max Error
0,0.6877762738724142,0.47303620290182213,0.4960523265314543,0.5446637421551508,0.5426677915485514,4.045921361922077
