,RMSE,MSE,MAE,EVS,R2,Max Error
0,0.7267097935543076,0.5281071240477444,0.5155531567653477,0.4863001938495174,0.4849810257065854,3.238329831643863
