,RMSE,MSE,MAE,EVS,R2,Max Error
0,0.6607906776220236,0.4366443196321731,0.46993117855685773,0.5569003925765389,0.5566239278089389,3.146145515206074
