,RMSE,MSE,MAE,EVS,R2,Max Error
0,0.6554694738653218,0.4296402311692818,0.42461321873245467,0.5811214754392079,0.5793913382682006,2.7298575140964285
