,RMSE,MSE,MAE,EVS,R2,Max Error
0,0.6686411555508298,0.44708099489634895,0.43933333798384616,0.47851424927422126,0.47203119325248655,3.1174738328939253
