,RMSE,MSE,MAE,EVS,R2,Max Error
0,0.6821340594172154,0.46530687501700907,0.44898285432932983,0.5221755709854183,0.5193806358559925,3.1263771648653664
