,RMSE,MSE,MAE,EVS,R2,Max Error
0,0.7400138840014931,0.5476205485149754,0.458062287526925,0.4833475891783682,0.4821094903081543,3.360435452626314
