,RMSE,MSE,MAE,EVS,R2,Max Error
0,0.6965165179897373,0.4851352598325482,0.4581105974850005,0.5604962743462117,0.5537745127578348,3.623282231768729
