,RMSE,MSE,MAE,EVS,R2,Max Error
0,0.2755489361121903,0.07592721619255993,0.18435903422723396,0.9230889149844534,0.9230887214837196,2.5136563148373767
