,RMSE,MSE,MAE,EVS,R2,Max Error
0,0.2879806044042021,0.08293282851300954,0.1880266257691073,0.9194553965158098,0.9194326876880656,3.746990760726221
