,RMSE,MSE,MAE,EVS,R2,Max Error
0,0.2895502439953578,0.08383934379777122,0.18614006376354664,0.9152471587029245,0.9152303466650944,3.8686171145970403
