,RMSE,MSE,MAE,EVS,R2,Max Error
0,0.27551707464159886,0.07590965841906436,0.18271984104092098,0.9222635639990217,0.9222634763393571,5.2056401270847825
