,RMSE,MSE,MAE,EVS,R2,Max Error
0,0.5171873572165979,0.26748276246468883,0.355204579745893,0.6358598188986662,0.6338186955852816,1.7886956464347386
