,RMSE,MSE,MAE,EVS,R2,Max Error
0,0.523288858279867,0.27383122919984676,0.3425536006970698,0.7491363722488524,0.7481692572798855,2.525987856205045
