,RMSE,MSE,MAE,EVS,R2,Max Error
0,0.4856111303851574,0.23581816995395033,0.3460299542552914,0.7952937046060682,0.7952936778331954,1.9362089554220883
