,RMSE,MSE,MAE,EVS,R2,Max Error
0,0.5034726264923568,0.2534846856271122,0.3490149125084919,0.7392398013673332,0.7385173149914184,2.0079562750335054
