,RMSE,MSE,MAE,EVS,R2,Max Error
0,0.26138159850002535,0.06832034003442844,0.17040977808565774,0.9309461897256038,0.9309215545101233,2.5818525688361613
