,RMSE,MSE,MAE,EVS,R2,Max Error
0,0.39552783906507244,0.15644227147548584,0.1723502479522479,0.8463062524676058,0.8463011384885469,30.913751642036125
