,RMSE,MSE,MAE,EVS,R2,Max Error
0,0.2561937833967665,0.0656352546511493,0.16675729523951544,0.9335165051566413,0.9335140730280561,5.646637340409163
