,RMSE,MSE,MAE,EVS,R2,Max Error
0,0.3121041053860885,0.09740897259885065,0.17811988380068433,0.9054016806358244,0.9053694506979808,16.765681065246426
