,RMSE,MSE,MAE,EVS,R2,Max Error
0,0.9397416664420265,0.8831143996472369,0.17452727312883679,0.09573942851200279,0.09563229695694886,94.10758843818056
