,RMSE,MSE,MAE,EVS,R2,Max Error
0,0.7529862663762614,0.5669883173512621,0.5989134127046356,0.02921910153746543,0.027325285024090373,2.47279424601284
