,RMSE,MSE,MAE,EVS,R2,Max Error
0,0.9681044151330914,0.9372261586001851,0.7223965345512973,-0.0046860397353560845,-0.011631751953300906,3.9186792092711613
