,RMSE,MSE,MAE,EVS,R2,Max Error
0,0.8779308964817568,0.7707626589972612,0.6631664501631979,0.19269127326826596,0.19057868744540507,3.1865847442933424
