,RMSE,MSE,MAE,EVS,R2,Max Error
0,0.8379303954000441,0.7021273475352742,0.5960439798219956,0.34243269238547236,0.3424313073798064,3.2586294594678606
