,RMSE,MSE,MAE,EVS,R2,Max Error
0,1.139706261906693,1.2989303634293279,0.7479052944199027,0.14696327436354917,0.14330937485195183,4.980503083115768
