,RMSE,MSE,MAE,EVS,R2,Max Error
0,0.796671709845355,0.6346858132679214,0.5641142519070175,0.3528300968677379,0.3444277134463143,3.4827044025249756
