,RMSE,MSE,MAE,EVS,R2,Max Error
0,0.7692306065066387,0.5917157259865712,0.5222470141050675,0.3108576143636591,0.3012285260407971,4.057439790991544
