,RMSE,MSE,MAE,EVS,R2,Max Error
0,0.8468344539880969,0.7171285924613182,0.566126320765445,0.323305082440689,0.32180395116376515,3.1096338259360152
