,RMSE,MSE,MAE,EVS,R2,Max Error
0,0.7158233582936693,0.5124030802788269,0.5205660987182529,0.49881723739950057,0.4983682666849416,2.549912010555863
