,RMSE,MSE,MAE,EVS,R2,Max Error
0,0.7475590597552892,0.5588445478222122,0.5295844908290773,0.49124437051280845,0.4859770021031491,3.2191715010759965
