,RMSE,MSE,MAE,EVS,R2,Max Error
0,0.5812610359754947,0.33786439194330536,0.3872813070663185,0.6559328941984052,0.6555176544508243,2.5987124893002727
