,RMSE,MSE,MAE,EVS,R2,Max Error
0,0.6681856516763455,0.4464720651061425,0.4433222503882999,0.6574566490654516,0.6503467064549201,3.35933321912555
