,RMSE,MSE,MAE,EVS,R2,Max Error
0,0.5654060877296807,0.31968404404178336,0.3735300159270642,0.6287149100034893,0.6286440477480915,2.5241930210443195
