,RMSE,MSE,MAE,EVS,R2,Max Error
0,0.5174067913511381,0.2677097877362802,0.36388816286134307,0.7175600230452557,0.7113233226075549,2.1803268787034904
