,RMSE,MSE,MAE,EVS,R2,Max Error
0,0.5236600442609517,0.2742198419553819,0.3609322265610201,0.7119607111577543,0.7110691358518142,2.2063070123906003
