,RMSE,MSE,MAE,EVS,R2,Max Error
0,0.24970356316034972,0.06235186945497476,0.145053631922915,0.9403710957292658,0.9402781983410768,2.540864108115823
