,RMSE,MSE,MAE,EVS,R2,Max Error
0,0.2309530556762128,0.05333931392617985,0.14183586165573772,0.9497456489306443,0.9497278593332753,2.092196870713064
