,RMSE,MSE,MAE,EVS,R2,Max Error
0,0.23178520537558234,0.05372438143100088,0.1357653855701508,0.9450285168967788,0.9449469632046579,2.817731983075022
