,RMSE,MSE,MAE,EVS,R2,Max Error
0,0.23195000325150203,0.053800804008371804,0.13737354646405828,0.9437088798347505,0.9435885979026393,2.2006547375043626
