,RMSE,MSE,MAE,EVS,R2,Max Error
0,0.2320014277713366,0.053824662487938706,0.14073626165953534,0.9443047189290152,0.9442660667495968,2.100745931984106
