,RMSE,MSE,MAE,EVS,R2,Max Error
0,0.49980256587438743,0.24980260485462139,0.3500826878700197,0.7435372084725145,0.7423155735111686,1.973015793417248
