,RMSE,MSE,MAE,EVS,R2,Max Error
0,0.5185102499811487,0.2688528793355133,0.37038451580288706,0.6341578359079485,0.6319430188936841,1.8222621345502854
