,RMSE,MSE,MAE,EVS,R2,Max Error
0,0.49293042493902495,0.2429804038305677,0.3632652288256474,0.7742902476178917,0.7741028773204304,2.194672915008396
