,RMSE,MSE,MAE,EVS,R2,Max Error
0,0.47488354052533843,0.22551437706188077,0.3413490497052128,0.8042961498812082,0.8042380757467061,1.8393221947232685
