,RMSE,MSE,MAE,EVS,R2,Max Error
0,0.5199408859719241,0.2703385249052694,0.3494145098677915,0.7521730023487068,0.7513813464165969,2.6090671632736946
