,RMSE,MSE,MAE,EVS,R2,Max Error
0,0.13800889724596607,0.019046455719047624,0.06871205878309324,0.9807509654031257,0.9807421984067912,1.6779491073053112
