,RMSE,MSE,MAE,EVS,R2,Max Error
0,0.13282552377070053,0.017642619764960933,0.06552016056407707,0.9821309036196034,0.9821287212867327,1.5541630311635122
