,RMSE,MSE,MAE,EVS,R2,Max Error
0,0.1355851475463119,0.018383332235155172,0.06669884425446693,0.9811742780583519,0.9811742488239059,2.176421741758416
