,RMSE,MSE,MAE,EVS,R2,Max Error
0,0.139395770731813,0.01943118089791617,0.06914074592951795,0.9811232611509971,0.9811230600949957,2.145502482596177
