,RMSE,MSE,MAE,EVS,R2,Max Error
0,0.14168462140207175,0.020074531941848404,0.06849909679441585,0.9802783326051581,0.9802774999638069,1.552664957061102
