,RMSE,MSE,MAE,EVS,R2,Max Error
0,0.7192435256294089,0.5173112491598222,0.5027411989944439,0.5953753769694048,0.5948692064000697,3.2368024230292485
