,RMSE,MSE,MAE,EVS,R2,Max Error
0,0.6883926435755103,0.47388443172887956,0.4577327984522758,0.5277441030650035,0.5168333081143527,3.1730285113797465
