,RMSE,MSE,MAE,EVS,R2,Max Error
0,0.5763122590918074,0.33213581997950253,0.39537094750809054,0.6500863919952007,0.6500461498447723,2.5989592091781297
