,RMSE,MSE,MAE,EVS,R2,Max Error
0,0.6556578082051508,0.4298871614603824,0.4453831979825979,0.5006545523474824,0.5006283260601994,3.1726263449035947
