,RMSE,MSE,MAE,EVS,R2,Max Error
0,0.5684118115464689,0.3230919875055385,0.39998616215379096,0.6641656954118623,0.6516036181049187,2.312492104975643
