,RMSE,MSE,MAE,EVS,R2,Max Error
0,0.936142634235358,0.8763630316331154,0.5290109869870245,0.04462617455116591,0.04325654777090038,5.598604397918833
