,RMSE,MSE,MAE,EVS,R2,Max Error
0,1.0044331677901717,1.0088859885569992,0.598490240173536,0.03008120811977577,0.024607304066624924,5.666556529302628
