,RMSE,MSE,MAE,EVS,R2,Max Error
0,0.9797509401536809,0.9599119047320217,0.5771290049037792,0.06566358890335444,0.063877720872349,5.661415789587172
