,RMSE,MSE,MAE,EVS,R2,Max Error
0,0.9897140336007345,0.9795338683062359,0.5772141051546831,0.06166954156823812,0.0555271004091088,4.5344274392912975
