,RMSE,MSE,MAE,EVS,R2,Max Error
0,0.9176644613321457,0.8421080635920172,0.5350587610894681,0.1473950126646264,0.14490914273114952,4.5106028891843355
