,RMSE,MSE,MAE,EVS,R2,Max Error
0,0.6584706486331326,0.43358359511133837,0.447086117424481,0.6660223788309707,0.6604402740813041,3.484565773647344
