,RMSE,MSE,MAE,EVS,R2,Max Error
0,0.5215144442461762,0.271977315557398,0.38018541937751943,0.7138851348215274,0.713431966657289,2.4304549523569334
