,RMSE,MSE,MAE,EVS,R2,Max Error
0,0.599048730813086,0.35885938188876915,0.4138034714257392,0.6341221751626132,0.6341114229755396,2.654441810187878
