,RMSE,MSE,MAE,EVS,R2,Max Error
0,0.5616796968697036,0.31548408187564214,0.4012214459907034,0.6335235623270048,0.6335228678790876,2.5454332761699905
