,RMSE,MSE,MAE,EVS,R2,Max Error
0,0.5328173871435452,0.2838943680424745,0.38417376060068187,0.7017192609596865,0.6938711744911557,2.28013992234061
