,RMSE,MSE,MAE,EVS,R2,Max Error
0,0.8808696401009131,0.7759313228515121,0.686336086750806,0.24377231378146147,0.24329868729248616,3.774277193058115
