,RMSE,MSE,MAE,EVS,R2,Max Error
0,0.808347396418371,0.6534255132963589,0.6306718568442775,0.28724660998413465,0.2866419978935739,3.6974339561016505
