,RMSE,MSE,MAE,EVS,R2,Max Error
0,0.867455835713516,0.7524796269134345,0.692386723802158,0.2749743630937478,0.27445427043486836,4.079060610168693
