,RMSE,MSE,MAE,EVS,R2,Max Error
0,0.8296966935413944,0.6883966032735225,0.6499310260600142,0.3009904961444716,0.3009903751268376,3.2889812733635777
