,RMSE,MSE,MAE,EVS,R2,Max Error
0,0.8410912206917299,0.7074344415247042,0.6617661421635378,0.31710368263297406,0.3160511743236304,3.9467764357939985
