,RMSE,MSE,MAE,EVS,R2,Max Error
0,0.7088435413469846,0.5024591661093343,0.43928313415241044,0.5444661868382621,0.5378400524962477,3.779870676358497
