,RMSE,MSE,MAE,EVS,R2,Max Error
0,0.6279280025939634,0.3942935764416445,0.40315851673915426,0.5373385893765124,0.5343691379447528,2.942227883808882
