,RMSE,MSE,MAE,EVS,R2,Max Error
0,0.6839144482384693,0.4677389725093299,0.4327867684777772,0.5425888384133521,0.5420934796270488,2.408645711685813
