,RMSE,MSE,MAE,EVS,R2,Max Error
0,0.7706897419155295,0.5939626782938255,0.45349002958325707,0.43835288781117354,0.4382832509961756,3.6518738261963097
