,RMSE,MSE,MAE,EVS,R2,Max Error
0,0.7358046301110243,0.5414084536928212,0.47091808294585724,0.4421428878094803,0.4407746785462344,3.3888197848463246
