,RMSE,MSE,MAE,EVS,R2,Max Error
0,0.6000567811298383,0.3600681405799027,0.40637435163718877,0.5865502804397307,0.5817324958415903,2.570541109439315
