,RMSE,MSE,MAE,EVS,R2,Max Error
0,0.6238344669696244,0.38916944217927535,0.44024299475489637,0.5910966243521748,0.5803510119635438,2.5187288776581713
