,RMSE,MSE,MAE,EVS,R2,Max Error
0,0.5525067168127239,0.30526367212317546,0.3818843409491462,0.6784662822475465,0.6783599029498802,2.38102376625363
