,RMSE,MSE,MAE,EVS,R2,Max Error
0,0.64930392840032,0.42159559143608794,0.4542210418495721,0.5703852589004611,0.5701463614565636,3.2052061682687083
