,RMSE,MSE,MAE,EVS,R2,Max Error
0,0.7177480932492004,0.5151623253628629,0.5229507717137807,0.5966416916180846,0.5965521297941807,3.1349965572646306
