,RMSE,MSE,MAE,EVS,R2,Max Error
0,0.33947882821101616,0.11524587480352462,0.2474513676205523,0.8677399975058463,0.8677185353484514,1.1619912441542182
