,RMSE,MSE,MAE,EVS,R2,Max Error
0,0.5494658246484205,0.30191269245656877,0.34792145259225976,0.8954718083977194,0.8874088073587515,2.018806862517618
