,RMSE,MSE,MAE,EVS,R2,Max Error
0,0.30771804909219125,0.0946903977371042,0.22492906300929488,0.7540327713814772,0.7457736373309845,0.7886967958306336
