,RMSE,MSE,MAE,EVS,R2,Max Error
0,0.35264508894894964,0.12435855875981258,0.262366828580307,0.8989097159322774,0.8925968640805391,1.0021040784474202
