,RMSE,MSE,MAE,EVS,R2,Max Error
0,0.28755743663777666,0.08268927936568896,0.22403032701146622,0.7572639712737559,0.738053729390272,0.721308486931816
