,RMSE,MSE,MAE,EVS,R2,Max Error
0,0.8961980257908768,0.8031709014314652,0.6500287405858299,0.18469054484778025,0.18444659975235822,10.453014922044668
