,RMSE,MSE,MAE,EVS,R2,Max Error
0,0.8188590837679327,0.6705301990692583,0.6302504342202007,0.3524633156501712,0.35173025892612475,4.434141563078439
