,RMSE,MSE,MAE,EVS,R2,Max Error
0,0.8370380148659402,0.7006326383307139,0.6534109992986739,0.3175738959903939,0.31673123440586115,3.290304140580492
