,RMSE,MSE,MAE,EVS,R2,Max Error
0,0.8229452967032662,0.6772389613660268,0.6475160004835132,0.3473209163590957,0.34700180743794007,3.424474747206193
