,RMSE,MSE,MAE,EVS,R2,Max Error
0,0.7667108453554573,0.5878455203856799,0.6042629615163023,0.35877025942373486,0.3582370179363522,3.5109352257106154
