,RMSE,MSE,MAE,EVS,R2,Max Error
0,0.5732769282446024,0.32864643645756697,0.40350971076928077,0.6473054249887108,0.6456141476347652,2.741003057620104
