,RMSE,MSE,MAE,EVS,R2,Max Error
0,0.6763305965159233,0.4574230757835846,0.4641271848914445,0.6472317757905983,0.6417704544331846,3.3147967886965
