,RMSE,MSE,MAE,EVS,R2,Max Error
0,0.5719910178607874,0.3271737245134197,0.3914339223534463,0.6216019290921948,0.6199437779803469,2.620347871189734
