,RMSE,MSE,MAE,EVS,R2,Max Error
0,0.6354284061637063,0.40376925935974817,0.4523379081997521,0.5919525159780545,0.5883218686500724,2.7010956643675956
