,RMSE,MSE,MAE,EVS,R2,Max Error
0,0.5231750325702484,0.27371211470488055,0.36718151247253644,0.711668717840755,0.7116041010541603,2.4269318546150833
