,RMSE,MSE,MAE,EVS,R2,Max Error
0,0.43193185878531604,0.1865651306337382,0.2386910335295899,0.8289088460329054,0.8284241152827729,1.752525615704151
