,RMSE,MSE,MAE,EVS,R2,Max Error
0,0.40121967484875376,0.1609772274857397,0.22723641350650642,0.8340923639087529,0.8339435869110892,1.90194694964215
