,RMSE,MSE,MAE,EVS,R2,Max Error
0,0.39070414135989623,0.15264972607577376,0.22312563126205304,0.7919023581590726,0.7910240073120395,1.9298238193963795
