,RMSE,MSE,MAE,EVS,R2,Max Error
0,0.3982555352261524,0.15860747133826913,0.23954922347046478,0.8533262268786724,0.8525437819430856,1.862359188870315
