,RMSE,MSE,MAE,EVS,R2,Max Error
0,0.4038762147434422,0.16311599683549105,0.24245644877537778,0.8585094361173128,0.8584041433054715,1.9806005188587137
