,precision,recall,f1-score,support,ROC_AUC
Neutral or dissatisfied,0.9581156174836196,0.9809782608695652,0.969412159610624,11776.0,
Satisfied,0.9743237047226044,0.9439200444197668,0.958880929550454,9005.0,
accuracy,0.9649198787353832,0.9649198787353832,0.9649198787353832,0.9649198787353832,0.9954305465864374
macro avg,0.966219661103112,0.962449152644666,0.964146544580539,20781.0,
weighted avg,0.9651390439591048,0.9649198787353832,0.9648486772617558,20781.0,
