,precision,recall,f1-score,support,ROC_AUC
Neutral or dissatisfied,0.9594022415940224,0.9813179347826086,0.9702363460811888,11776.0,
Satisfied,0.9748168498168498,0.9456968350916156,0.9600360746293894,9005.0,
accuracy,0.9658822963283769,0.9658822963283769,0.9658822963283769,0.9658822963283769,0.995834090888516
macro avg,0.9671095457054362,0.9635073849371122,0.9651362103552892,20781.0,
weighted avg,0.966081830980797,0.9658822963283769,0.9658162775366792,20781.0,
