,precision,recall,f1-score,support,ROC_AUC
Neutral or dissatisfied,0.9596043554151774,0.9803838315217392,0.9698828075776031,11776.0,
Satisfied,0.9736,0.9460299833425876,0.959617009293157,9005.0,
accuracy,0.9654973292911796,0.9654973292911796,0.9654973292911796,0.9654973292911796,0.9957183924088067
macro avg,0.9666021777075888,0.9632069074321632,0.96474990843538,20781.0,
weighted avg,0.9656690673869944,0.9654973292911796,0.9654343443876008,20781.0,
