,precision,recall,f1-score,support,ROC_AUC
Neutral or dissatisfied,0.9567814184985484,0.9794497282608696,0.9679828794427427,11776.0,
Satisfied,0.9722667889067156,0.942143253747918,0.9569680221081722,9005.0,
accuracy,0.9632837688272942,0.9632837688272942,0.9632837688272942,0.9632837688272942,0.9951839670895397
macro avg,0.964524103702632,0.9607964910043936,0.9624754507754576,20781.0,
weighted avg,0.9634916711584562,0.9632837688272942,0.9632098276022248,20781.0,
