,precision,recall,f1-score,support,ROC_AUC
Neutral or dissatisfied,0.9558738306151172,0.980552016985138,0.9680556720046952,11775.0,
Satisfied,0.9736811860705666,0.9408106607440312,0.9569637411047104,9005.0,
accuracy,0.963330125120308,0.963330125120308,0.963330125120308,0.963330125120308,0.9948864454873502
macro avg,0.9647775083428418,0.9606813388645844,0.9625097065547028,20780.0,
weighted avg,0.9635906369614272,0.963330125120308,0.9632489906883158,20780.0,
