,RMSE,MSE,MAE,EVS,R2,Max Error
0,0.7011158276990372,0.4915634038501061,0.5581269613732562,0.15824758328891675,0.15671755642845675,2.6482724143195533
