,RMSE,MSE,MAE,EVS,R2,Max Error
0,0.9245800563937228,0.8548482806810195,0.674461662883061,0.10183408905883007,0.07728603613535967,3.3206304822770627
