,RMSE,MSE,MAE,EVS,R2,Max Error
0,0.831983919992304,0.6921972431257606,0.6577224810242137,0.2803991094066316,0.27308465902275103,2.788034868284003
