,RMSE,MSE,MAE,EVS,R2,Max Error
0,0.8908174664993729,0.7935557586203613,0.6580613662280661,0.2568112049513611,0.25680515856704855,3.585328381361969
