,RMSE,MSE,MAE,EVS,R2,Max Error
0,1.0755093534773073,1.1567203694171755,0.725303310968786,0.24584219992800227,0.23710190761785443,4.231249040301155
