,RMSE,MSE,MAE,EVS,R2,Max Error
0,0.22615991303774893,0.05114830626524216,0.14360787699780017,0.8381302100536883,0.8379704336890886,0.9645784212931667
