,RMSE,MSE,MAE,EVS,R2,Max Error
0,0.2515671505986282,0.06328603126031289,0.20428330515800458,0.946281729230938,0.9453425780658758,0.5432802706717601
