,RMSE,MSE,MAE,EVS,R2,Max Error
0,0.26401459238734454,0.06970370499345568,0.17832702927379177,0.8453632674304562,0.8128583276813443,0.7705331925920389
