,RMSE,MSE,MAE,EVS,R2,Max Error
0,0.4540542292242653,0.20616524307644166,0.2874479359531781,0.9320544286637766,0.9231155523463505,1.5333721726988068
