,RMSE,MSE,MAE,EVS,R2,Max Error
0,0.35073962558649874,0.12301828495655734,0.24197347817490736,0.8588456342945534,0.858797211260552,0.9670592484222142
