,RMSE,MSE,MAE,EVS,R2,Max Error
0,0.8352632824159155,0.6976647509522095,0.6512671700864938,0.23973988218365916,0.23834511699939964,3.7846608347761053
