,RMSE,MSE,MAE,EVS,R2,Max Error
0,0.8542758247888202,0.7297871848186192,0.6749498248318283,0.2999549794321493,0.2944405039503183,3.4639090446781142
