,RMSE,MSE,MAE,EVS,R2,Max Error
0,0.8858773075852828,0.7847786040945498,0.6844704558142576,0.23555791807591142,0.23467066940825343,3.3602755007001206
