,RMSE,MSE,MAE,EVS,R2,Max Error
0,0.8911669000724642,0.7941784437847655,0.697987231588137,0.23612888796235787,0.23424800115285205,3.72835857504409
