,RMSE,MSE,MAE,EVS,R2,Max Error
0,0.931737581036935,0.8681349199165591,0.6999498861476673,0.11874456864470229,0.11848102994045184,10.724156898025518
