,RMSE,MSE,MAE,EVS,R2,Max Error
0,0.24383838524324408,0.05945715811803272,0.18548659490523686,0.8570184684521454,0.8403684280115661,0.6800129103947183
