,RMSE,MSE,MAE,EVS,R2,Max Error
0,0.29419545007361153,0.08655096284401487,0.22611367119716358,0.9014732841295184,0.9006551154084529,0.7303173179765032
