,RMSE,MSE,MAE,EVS,R2,Max Error
0,0.28653396261168906,0.08210171172995681,0.24339219468561116,0.9337263077625675,0.9290922845030385,0.622545416696539
