,RMSE,MSE,MAE,EVS,R2,Max Error
0,0.3155255416551625,0.09955636743678369,0.22431503272465045,0.7186445101340329,0.6846215208843842,0.9841947781765968
