,RMSE,MSE,MAE,EVS,R2,Max Error
0,0.4453411959459985,0.19832878080661226,0.3040802638729672,0.9304923005362425,0.9260379754676479,1.8122149671262875
