,RMSE,MSE,MAE,EVS,R2,Max Error
0,0.7254520320581271,0.5262806508172659,0.49732713645149945,0.48783831796210597,0.4867622332057867,2.956544931111364
