,RMSE,MSE,MAE,EVS,R2,Max Error
0,0.6885134863330067,0.47405082086243144,0.46932877683663304,0.5429486414013791,0.5429171284219367,3.9194831930975265
