,RMSE,MSE,MAE,EVS,R2,Max Error
0,0.6472533836622605,0.41893694266224535,0.4278297874050307,0.5428774539453534,0.5426379681465385,3.0827585644590276
