,RMSE,MSE,MAE,EVS,R2,Max Error
0,0.6657038366278493,0.4431615981010383,0.45981425192057174,0.5501898811690991,0.5500061723521978,3.2731416145822947
