,RMSE,MSE,MAE,EVS,R2,Max Error
0,0.7017401816490408,0.49243928254082886,0.4670311811253871,0.525454974666675,0.5239088610319627,3.8290563180002133
