,RMSE,MSE,MAE,EVS,R2,Max Error
0,0.4130549907816334,0.17061442540961524,0.22599576210210753,0.8435829558609405,0.8430932892671943,1.9584056920560213
