,RMSE,MSE,MAE,EVS,R2,Max Error
0,0.37741919485896647,0.14244524864799052,0.21265668231009113,0.8052326267169564,0.8049938378197885,1.8225870050167439
