,RMSE,MSE,MAE,EVS,R2,Max Error
0,0.3595360371022641,0.12926616197520063,0.20591059883385046,0.8803060484289889,0.879822184877135,1.7888950469739193
