,RMSE,MSE,MAE,EVS,R2,Max Error
0,0.3733458573899454,0.13938712923023344,0.20419991940837762,0.8562151472545847,0.8562149002548608,1.867478226199662
