,RMSE,MSE,MAE,EVS,R2,Max Error
0,0.3395597841032845,0.11530084698026918,0.19555253272665954,0.900318661419963,0.8999109681299897,1.9963545657070136
