,RMSE,MSE,MAE,EVS,R2,Max Error
0,0.19515319970254946,0.038084771354143156,0.12154557256217885,0.9610056454461638,0.9609986687973557,2.2529597192855255
