,RMSE,MSE,MAE,EVS,R2,Max Error
0,0.19710153803431166,0.03884901629549121,0.12405934399705802,0.9606478847476958,0.9606474771206108,1.7232404498844507
