,RMSE,MSE,MAE,EVS,R2,Max Error
0,0.20363926229358337,0.04146894914747485,0.1251100533651177,0.9580723665517104,0.9580708974550953,1.8005524319334554
