,RMSE,MSE,MAE,EVS,R2,Max Error
0,0.21770371751067205,0.0473949086179665,0.1309531034480739,0.9534382379896393,0.9534362201001263,2.070751511505675
