,RMSE,MSE,MAE,EVS,R2,Max Error
0,0.22025314756003728,0.048511449010103555,0.13246497797943543,0.9528809331988165,0.9528722565818627,3.545928152652222
