,RMSE,MSE,MAE,EVS,R2,Max Error
0,0.6514421751291867,0.42437690753704593,0.4761042646743358,0.6007640048105628,0.6000260591851978,3.0913637873915873
