,RMSE,MSE,MAE,EVS,R2,Max Error
0,0.6505552726244841,0.42322216273951685,0.4825594506140451,0.5946648932001812,0.5946297956785108,3.1495793331104025
