,RMSE,MSE,MAE,EVS,R2,Max Error
0,0.6146659983272236,0.3778142894996024,0.46009942849830654,0.6043911917483052,0.6038528755114091,2.8392300377110216
