,RMSE,MSE,MAE,EVS,R2,Max Error
0,0.6251377020895643,0.39079714657382086,0.4661719492779854,0.5996920300783735,0.5995380660180374,3.0452304081731065
