,RMSE,MSE,MAE,EVS,R2,Max Error
0,0.6400019549473325,0.40960250233640744,0.4755502465495371,0.5759190058327062,0.5758680599338444,3.071065605917373
