,RMSE,MSE,MAE,EVS,R2,Max Error
0,0.22768747191065383,0.05184158486506478,0.1707811244058789,0.9552765979086207,0.9552266539507199,0.5238391036413537
