,RMSE,MSE,MAE,EVS,R2,Max Error
0,0.25731425686156023,0.06621062678421699,0.18675239937808596,0.8454678173540291,0.8222366024470567,0.7641983030808863
