,RMSE,MSE,MAE,EVS,R2,Max Error
0,0.2086452403683066,0.04353283632834843,0.14182874914225382,0.8628737826509585,0.8620950114361956,0.7936344605439033
