,RMSE,MSE,MAE,EVS,R2,Max Error
0,0.3087430234202039,0.09532225451064855,0.2126419866796469,0.890940580752427,0.890587255621486,0.8899943324483686
