,RMSE,MSE,MAE,EVS,R2,Max Error
0,0.4363369026475182,0.19038989261202977,0.27645743492904695,0.9370713203148845,0.9289985959132495,1.606572400828921
