,RMSE,MSE,MAE,EVS,R2,Max Error
0,0.23033178421953895,0.05305273082175626,0.1397973933902681,0.9451099561663014,0.9450653804093252,2.114113565964807
