,RMSE,MSE,MAE,EVS,R2,Max Error
0,0.22921664867272412,0.052540272028755046,0.13995296812139113,0.9505016317071789,0.950480953884164,2.0141950671890037
