,RMSE,MSE,MAE,EVS,R2,Max Error
0,0.23130353844137744,0.053501326895501765,0.1349088322801144,0.945245808807047,0.945175534092272,2.7789683685046205
