,RMSE,MSE,MAE,EVS,R2,Max Error
0,0.22914014419781645,0.05250520568299611,0.13585542587441657,0.945048367876224,0.9449470630675476,2.209084388310633
