,RMSE,MSE,MAE,EVS,R2,Max Error
0,0.2488152513261567,0.06190902929249853,0.14459086520172798,0.9407946517094855,0.9407023590371584,2.4623880370966207
