,RMSE,MSE,MAE,EVS,R2,Max Error
0,0.7987604068554157,0.6380181875598292,0.6159021517022287,0.3528882408594082,0.3521454756928132,3.744410234924311
