,RMSE,MSE,MAE,EVS,R2,Max Error
0,0.8149282458004105,0.6641080458033342,0.6429657996668573,0.3600243061826036,0.35966272126343557,3.2493548997620887
