,RMSE,MSE,MAE,EVS,R2,Max Error
0,0.7847805847510678,0.6158805662022279,0.6159722060999893,0.32791615056993983,0.32763058481474827,3.896950740324201
