,RMSE,MSE,MAE,EVS,R2,Max Error
0,0.8027234540658726,0.6443649437074452,0.6225028515436561,0.37735686151200476,0.37702687247474487,4.08322405487694
