,RMSE,MSE,MAE,EVS,R2,Max Error
0,0.8657125064686689,0.7494581438562652,0.6613625479277282,0.2695295742728646,0.26911577793863584,5.32933457518371
