,precision,recall,f1-score,support,ROC_AUC
Neutral or dissatisfied,0.9515273920727088,0.9601732336956522,0.9558307620778562,11776.0,
Satisfied,0.9472915261856596,0.936035535813437,0.941629894431101,9005.0,
accuracy,0.9497136807660844,0.9497136807660844,0.9497136807660844,0.9497136807660844,0.9896315433907492
macro avg,0.9494094591291844,0.9481043847545446,0.9487303282544786,20781.0,
weighted avg,0.94969187057168,0.9497136807660844,0.9496771211000868,20781.0,
