,precision,recall,f1-score,support,ROC_AUC
Neutral or dissatisfied,0.9463524692905492,0.9617017663043478,0.9539653792696794,11776.0,
Satisfied,0.9488314045836168,0.92870627429206,0.938660979852966,9005.0,
accuracy,0.9474038785428998,0.9474038785428998,0.9474038785428998,0.9474038785428998,0.9894729094494604
macro avg,0.947591936937083,0.945204020298204,0.9463131795613228,20781.0,
weighted avg,0.947426662655357,0.9474038785428998,0.9473335465018864,20781.0,
