,precision,recall,f1-score,support,ROC_AUC
Neutral or dissatisfied,0.94619588062211,0.9558386411889596,0.95099281791297,11775.0,
Satisfied,0.9414743950478336,0.928928373126041,0.9351593068753492,9005.0,
accuracy,0.944177093358999,0.944177093358999,0.944177093358999,0.944177093358999,0.9886245032542667
macro avg,0.943835137834972,0.9423835071575004,0.9430760623941596,20780.0,
weighted avg,0.944149827802266,0.944177093358999,0.944131375810286,20780.0,
