,precision,recall,f1-score,support,ROC_AUC
Neutral or dissatisfied,0.9427738442315702,0.9611073369565216,0.9518523190782558,11776.0,
Satisfied,0.9478122151321786,0.9237090505274848,0.93560542151735,9005.0,
accuracy,0.9449015928011164,0.9449015928011164,0.9449015928011164,0.9449015928011164,0.9884780430331578
macro avg,0.9452930296818745,0.9424081937420032,0.9437288702978028,20781.0,
weighted avg,0.9449571140434164,0.9449015928011164,0.9448120749833634,20781.0,
