,precision,recall,f1-score,support,ROC_AUC
Neutral or dissatisfied,0.9445371142618848,0.9617017663043478,0.9530421610704368,11776.0,
Satisfied,0.9486975315663748,0.926152137701277,0.9372892784895482,9005.0,
accuracy,0.9462970983109572,0.9462970983109572,0.9462970983109572,0.9462970983109572,0.9886099472213505
macro avg,0.9466173229141298,0.9439269520028124,0.9451657197799924,20781.0,
weighted avg,0.9463399417402032,0.9462970983109572,0.9462159877563084,20781.0,
