,RMSE,MSE,MAE,EVS,R2,Max Error
0,0.29629387591340056,0.08779006090378562,0.2300129542710489,0.7803196309647512,0.764299777005633,0.7336194521267198
