,RMSE,MSE,MAE,EVS,R2,Max Error
0,0.2708338740233409,0.0733509873184909,0.21630257147572932,0.7746470162290883,0.7676359290949051,0.7028030156347979
