,RMSE,MSE,MAE,EVS,R2,Max Error
0,0.3430063572139543,0.11765336108918682,0.2608347144339833,0.8984700658359501,0.8983878547768529,0.9084536969764394
