,RMSE,MSE,MAE,EVS,R2,Max Error
0,0.6196495330374691,0.3839655437935534,0.38329566685142363,0.8568844201943534,0.8568091385721365,2.030262455992312
