,RMSE,MSE,MAE,EVS,R2,Max Error
0,0.3776300899171717,0.14260448481085117,0.2691440589234853,0.8375193159839133,0.8363157887532302,1.0384081433746206
