,RMSE,MSE,MAE,EVS,R2,Max Error
0,0.6744816495979022,0.45492549564430745,0.481490750253083,0.5668117469617995,0.5646801216660791,5.06841324737744
