,RMSE,MSE,MAE,EVS,R2,Max Error
0,0.6514816044220291,0.4244282809003012,0.46134361785350053,0.5226515582044469,0.5176982450347573,3.663693210627047
