,RMSE,MSE,MAE,EVS,R2,Max Error
0,0.7047975687819594,0.49673961296096086,0.49264579881073095,0.5241367781725569,0.5240528109038906,3.9612905617566954
