,RMSE,MSE,MAE,EVS,R2,Max Error
0,0.6519054761328569,0.4249807498120068,0.465699850461415,0.5332949503842463,0.5332634188208896,3.327552551238882
