,RMSE,MSE,MAE,EVS,R2,Max Error
0,0.7268897217475198,0.5283686675821867,0.5156767301525753,0.528290490284417,0.5281474906166446,3.3602257571395877
