,RMSE,MSE,MAE,EVS,R2,Max Error
0,0.5394758904653806,0.2910342363934153,0.40273014732314477,0.6953179150005093,0.6948437920977427,2.3208686735880732
