,RMSE,MSE,MAE,EVS,R2,Max Error
0,0.5663028961589915,0.3206989701980616,0.42421204444934324,0.6928762937260577,0.692828451531513,2.344899646820514
