,RMSE,MSE,MAE,EVS,R2,Max Error
0,0.5525614176765289,0.30532412030469547,0.41290816818766773,0.6838706626794555,0.6838454092561524,2.2185857969874503
