,RMSE,MSE,MAE,EVS,R2,Max Error
0,0.5575953001459499,0.310912518744852,0.41606030008890493,0.7074458664452014,0.7069658995048435,2.3010430247329334
