,RMSE,MSE,MAE,EVS,R2,Max Error
0,0.5472909968375239,0.29952743521941066,0.4058233594071769,0.6930821836671429,0.6930649646748022,2.3212895129137707
