,RMSE,MSE,MAE,EVS,R2,Max Error
0,0.30088217296432773,0.09053008200773564,0.20711837407765918,0.9072746711881629,0.9072310224314414,2.251015564995187
