,RMSE,MSE,MAE,EVS,R2,Max Error
0,0.314831214511618,0.09911869363086044,0.21925455550586437,0.8973933331735696,0.8973653637693046,1.9133442201718613
