,RMSE,MSE,MAE,EVS,R2,Max Error
0,0.3137499213554441,0.09843901315054734,0.2136768498036021,0.9057836172529574,0.9057132485318278,2.448534801024699
