,RMSE,MSE,MAE,EVS,R2,Max Error
0,0.29393277363502834,0.08639647541678082,0.19966998960559906,0.9096037041948962,0.9094112735978374,2.084676266026463
