,RMSE,MSE,MAE,EVS,R2,Max Error
0,0.307563712790236,0.09459543742531476,0.21315024758416384,0.9108958860187282,0.9108440887849198,2.0651535366274585
