,RMSE,MSE,MAE,EVS,R2,Max Error
0,0.6572405911232357,0.43196519462002037,0.4678243876446166,0.5875447806397396,0.5861159150540503,2.987821447523043
