,RMSE,MSE,MAE,EVS,R2,Max Error
0,0.7293998676012778,0.5320241668567616,0.5215113647779501,0.5249070840492575,0.5248829963126008,3.2512145779461483
