,RMSE,MSE,MAE,EVS,R2,Max Error
0,0.6167679671821954,0.3804027253420576,0.4479559480776359,0.5702983152052521,0.5677269628761314,3.4696532474558204
