,RMSE,MSE,MAE,EVS,R2,Max Error
0,0.6392003024039087,0.40857702659324824,0.4549293496782956,0.5518733481596916,0.5512788646901874,2.940063356057899
