,RMSE,MSE,MAE,EVS,R2,Max Error
0,0.640645621894022,0.41042681285197813,0.46076826779255914,0.6080745088315578,0.6072610747334408,4.738848606387192
