,RMSE,MSE,MAE,EVS,R2,Max Error
0,0.721942210480912,0.5212005552740654,0.512769290002215,0.4930239238534049,0.49171642805913074,3.2926794232238996
