,RMSE,MSE,MAE,EVS,R2,Max Error
0,0.6604669502069545,0.4362165923156756,0.4693155733156037,0.557497291196337,0.5570582494044133,3.1664432282074038
