,RMSE,MSE,MAE,EVS,R2,Max Error
0,0.6362676835833172,0.40483656517248023,0.45480091440644643,0.5580915947614984,0.5580316387491788,3.361402080510468
