,RMSE,MSE,MAE,EVS,R2,Max Error
0,0.6886287535866893,0.4742095602663573,0.4830761526382544,0.5427951487797038,0.542764070860625,3.7511050991537283
