,RMSE,MSE,MAE,EVS,R2,Max Error
0,0.684147967976841,0.46805844208684066,0.4916568382491754,0.5493506512740918,0.5474802992016519,3.9971889757700785
