,RMSE,MSE,MAE,EVS,R2,Max Error
0,0.27116078205547617,0.07352816972493745,0.1689569153737461,0.9247030540656751,0.9247022786745822,10.376775974823152
