,RMSE,MSE,MAE,EVS,R2,Max Error
0,0.27496956041816595,0.07560825915655942,0.1765356342398228,0.9265713989852202,0.9265483363096362,6.550736632877934
