,RMSE,MSE,MAE,EVS,R2,Max Error
0,0.27385139888743065,0.07499458867260267,0.17224200422685973,0.9263205793787483,0.9263205347903368,7.748814937249732
