,RMSE,MSE,MAE,EVS,R2,Max Error
0,0.2648790974783415,0.07016093628094074,0.1729107946917353,0.9290787603010172,0.9290605343890364,2.6224262846132755
