,RMSE,MSE,MAE,EVS,R2,Max Error
0,0.25658191667358343,0.0658342799638897,0.17123897782175673,0.9333128486222312,0.9333124682277281,2.226441093646591
