,RMSE,MSE,MAE,EVS,R2,Max Error
0,2.005414297220171,4.021686503495072,1.607354127013619,-2.552261515276295,-2.7664608073091372,6.168039131801954
