,RMSE,MSE,MAE,EVS,R2,Max Error
0,1.5894408453782034,2.5263222009565776,1.2594738242591854,-1.6713917720548577,-1.7268847873061457,4.598361192096289
