,RMSE,MSE,MAE,EVS,R2,Max Error
0,1.8676370738715191,3.48806823969937,1.512250880021901,-4.96405662466453,-4.98381955507598,4.346826033075009
