,RMSE,MSE,MAE,EVS,R2,Max Error
0,1.5011315302510753,2.2533958711139346,1.1419641557461384,-1.349598894513833,-1.3664180178046568,6.0036246254318755
