,RMSE,MSE,MAE,EVS,R2,Max Error
0,1.4121459079139635,1.9941560652381527,1.0630521568366444,-0.2798549289294714,-0.3152166230538611,4.283635476084954
