,RMSE,MSE,MAE,EVS,R2,Max Error
0,0.6171778094997181,0.3809084485388703,0.44372093630579895,0.569083955180324,0.5671522811305324,3.5509921299021094
