,RMSE,MSE,MAE,EVS,R2,Max Error
0,0.7288479123843213,0.5312192793869833,0.5130166431640207,0.5257212078036196,0.5256017902072578,3.320362211072088
