,RMSE,MSE,MAE,EVS,R2,Max Error
0,0.6326201561189687,0.4002082619279883,0.43980310358560415,0.5631019620971538,0.5604698894843311,3.1897981153886485
