,RMSE,MSE,MAE,EVS,R2,Max Error
0,0.6640979250604503,0.4410260540695954,0.4753643125463801,0.5780329448097812,0.5774343231831819,2.9530018445567343
