,RMSE,MSE,MAE,EVS,R2,Max Error
0,0.639557028450142,0.4090331926399757,0.46397061515832494,0.6095694608250672,0.6085946350349434,4.931095997134262
