,RMSE,MSE,MAE,EVS,R2,Max Error
0,0.35580463952788877,0.12659694150957088,0.19942353404334143,0.8825147860450666,0.8823037398234493,1.7318618090140405
