,RMSE,MSE,MAE,EVS,R2,Max Error
0,0.33837881511993123,0.1145002225219686,0.19893218157606524,0.9016463805767785,0.9006059649927316,2.040143393953082
