,RMSE,MSE,MAE,EVS,R2,Max Error
0,0.3745144054675158,0.14026103990268685,0.20736378791431764,0.8082788181667226,0.8079839983822843,1.81498301494789
