,RMSE,MSE,MAE,EVS,R2,Max Error
0,0.3701494335593645,0.13701060316431843,0.20096536271716334,0.8586764541179586,0.8586664109454216,1.8690240160560403
