,RMSE,MSE,MAE,EVS,R2,Max Error
0,0.42518477200926463,0.18078209034857035,0.2278918112359778,0.834325062434222,0.8337425274100154,2.31289785294714
