,RMSE,MSE,MAE,EVS,R2,Max Error
0,0.4404778374403754,0.19402072527614977,0.26789786328069204,0.8013917078660773,0.8013099121350201,19.383390659881748
