,RMSE,MSE,MAE,EVS,R2,Max Error
0,0.40368117464926395,0.16295849076620955,0.26435337948094,0.8420588396159568,0.8416896197217832,3.0256827187222513
