,RMSE,MSE,MAE,EVS,R2,Max Error
0,0.38984579365305205,0.15197974282897805,0.25703220015544587,0.8460563842959334,0.8460505084249671,2.7939885937801052
