,RMSE,MSE,MAE,EVS,R2,Max Error
0,0.3896604388329116,0.15183525759145727,0.25457773406673073,0.8465749449747879,0.8464799273585668,2.9871130241295982
