,RMSE,MSE,MAE,EVS,R2,Max Error
0,0.44214150999426755,0.195489114860011,0.2874648268002188,0.8081631188066288,0.8079390301068751,3.601123751510313
