,RMSE,MSE,MAE,EVS,R2,Max Error
0,0.24860194421983192,0.06180292666988042,0.1711227729647004,0.9352129619100649,0.9351981850192086,2.0535291262150808
