,RMSE,MSE,MAE,EVS,R2,Max Error
0,0.25784064572083193,0.06648179858573557,0.18112279583791913,0.9365251382988952,0.9363224739888052,2.342071430815728
