,RMSE,MSE,MAE,EVS,R2,Max Error
0,0.25896157853939705,0.0670610991596163,0.18090355255254723,0.9368583014112475,0.9367951186083271,1.8181768466421095
