,RMSE,MSE,MAE,EVS,R2,Max Error
0,0.26094760716357074,0.06809365368439324,0.17920596807143263,0.9294955292052502,0.9294909252784914,1.982807811904706
