,RMSE,MSE,MAE,EVS,R2,Max Error
0,0.2468574286783222,0.06093859009367293,0.16861073880255506,0.937600177098158,0.9375543402581202,2.5195203436955045
