,RMSE,MSE,MAE,EVS,R2,Max Error
0,0.9047354112805001,0.8185461644248956,0.6925479981240872,0.16132250174603147,0.16121040562103717,3.5041905618447515
