,RMSE,MSE,MAE,EVS,R2,Max Error
0,0.9336863219563227,0.871770147808326,0.7105732126152383,0.17951166351547687,0.17835929497846148,3.9412365476940003
