,RMSE,MSE,MAE,EVS,R2,Max Error
0,0.8954386262964017,0.801810333463587,0.6767716553787917,0.1697574738784693,0.16974781560855978,3.613372258742387
