,RMSE,MSE,MAE,EVS,R2,Max Error
0,0.9054309581128152,0.8198052199090905,0.690245346383205,0.14098524957570902,0.14041504110959546,3.8969914456281676
