,RMSE,MSE,MAE,EVS,R2,Max Error
0,0.9319620644756317,0.8685532896216815,0.7064178993485262,0.16809335473780462,0.1680832067040332,3.5957812894525896
