,RMSE,MSE,MAE,EVS,R2,Max Error
0,0.5440592738437975,0.29600049345544027,0.3769176226619455,0.6566341356988594,0.6561556725683411,2.442236968917237
