,RMSE,MSE,MAE,EVS,R2,Max Error
0,0.5877101210518397,0.3454031863867681,0.40365117470158063,0.6479655636562649,0.6478311930940652,2.707328340175574
