,RMSE,MSE,MAE,EVS,R2,Max Error
0,0.5228153914709838,0.273335933558958,0.37182269706976495,0.7123488099508843,0.7120004631218815,2.5049408209287387
