,RMSE,MSE,MAE,EVS,R2,Max Error
0,0.6728190027434282,0.4526854104526613,0.45175462518701615,0.6511252465132085,0.645480743197338,3.378272991463351
