,RMSE,MSE,MAE,EVS,R2,Max Error
0,0.5349127029690685,0.28613159979767483,0.3839360559993372,0.6997858863664446,0.691458723922541,2.33680236185742
