,precision,recall,f1-score,support,ROC_AUC
Neutral or dissatisfied,0.9251314581420582,0.9412364130434784,0.933114450477754,11776.0,
Satisfied,0.9213636363636364,0.900388672959467,0.910755405784892,9005.0,
accuracy,0.9235359222366584,0.9235359222366584,0.9235359222366584,0.9235359222366584,0.9739353834976946
macro avg,0.9232475472528472,0.9208125430014726,0.9219349281313228,20781.0,
weighted avg,0.9234987535024984,0.9235359222366584,0.923425638704537,20781.0,
