,precision,recall,f1-score,support,ROC_AUC
Neutral or dissatisfied,0.9320380253502336,0.9491338315217392,0.9405082463816896,11776.0,
Satisfied,0.9318466264648994,0.9094947251526928,0.920535011801731,9005.0,
accuracy,0.9319570761753524,0.9319570761753524,0.9319570761753524,0.9319570761753524,0.9773535950739926
macro avg,0.9319423259075664,0.929314278337216,0.9305216290917104,20781.0,
weighted avg,0.9319550867542836,0.9319570761753524,0.9318532741766692,20781.0,
