,precision,recall,f1-score,support,ROC_AUC
Neutral or dissatisfied,0.9242260768528509,0.9457324840764332,0.9348556077904634,11775.0,
Satisfied,0.9268125071584012,0.898611882287618,0.9124943617501128,9005.0,
accuracy,0.9253128007699712,0.9253128007699712,0.9253128007699712,0.9253128007699712,0.9747387426895414
macro avg,0.925519292005626,0.9221721831820257,0.923674984770288,20780.0,
weighted avg,0.9253469048076864,0.9253128007699712,0.9251653758081072,20780.0,
