,precision,recall,f1-score,support,ROC_AUC
Neutral or dissatisfied,0.9275749728510568,0.9429347826086956,0.9351918137027836,11776.0,
Satisfied,0.9237230419977298,0.9037201554691838,0.9136121246140894,9005.0,
accuracy,0.9259419662191424,0.9259419662191424,0.9259419662191424,0.9259419662191424,0.9761014412283031
macro avg,0.9256490074243932,0.9233274690389396,0.9244019691584364,20781.0,
weighted avg,0.9259058213504452,0.9259419662191424,0.9258407189410448,20781.0,
