,precision,recall,f1-score,support,ROC_AUC
Neutral or dissatisfied,0.9261377766724695,0.9487092391304348,0.9372876379042746,11776.0,
Satisfied,0.9307180545996788,0.9010549694614104,0.9156463352705524,9005.0,
accuracy,0.9280592849237284,0.9280592849237284,0.9280592849237284,0.9280592849237284,0.9769937312151462
macro avg,0.9284279156360742,0.9248821042959224,0.9264669865874136,20781.0,
weighted avg,0.92812254173356,0.9280592849237284,0.9279098442361804,20781.0,
