,RMSE,MSE,MAE,EVS,R2,Max Error
0,3.1645594371964463,10.01443643154909,2.5262586155782825,-2.4416279254969746,-2.734647034159655,7.1949428363846755
