,RMSE,MSE,MAE,EVS,R2,Max Error
0,0.8166985228524548,0.6669964772293817,0.6611832277028251,-0.4077632263693687,-0.7907632914359144,2.130983215691833
