,RMSE,MSE,MAE,EVS,R2,Max Error
0,1.5230757827292776,2.3197598399364012,1.3286240134903065,-4.715143999927349,-6.348624192191218,2.964700166480247
