,RMSE,MSE,MAE,EVS,R2,Max Error
0,1.8599846085797893,3.459542744153712,1.3070898109117777,-1.8646390685487249,-1.987858200312309,6.229226833571657
