,RMSE,MSE,MAE,EVS,R2,Max Error
0,1.1981135054544299,1.435475971952302,0.8984468847543585,-0.6475499509247922,-0.6476673405072573,3.8687668274375784
