,RMSE,MSE,MAE,EVS,R2,Max Error
0,0.43026397450285836,0.18512708775499634,0.2301844409709436,0.7502463008597559,0.7465628145455849,1.834143421766698
