,RMSE,MSE,MAE,EVS,R2,Max Error
0,0.4940400728411209,0.24407559357286002,0.3012535646962921,0.7732744640470214,0.773084687344318,2.830526689226321
