,RMSE,MSE,MAE,EVS,R2,Max Error
0,0.43590662409798075,0.1900145849324983,0.2626267871902464,0.8255526708053895,0.8252518012973514,3.083355862572989
