,RMSE,MSE,MAE,EVS,R2,Max Error
0,0.3711652368008056,0.1377636330093981,0.24334695615952034,0.8827623193480099,0.8804117314318982,1.9691060639293647
