,RMSE,MSE,MAE,EVS,R2,Max Error
0,0.48169617803751846,0.2320312079359527,0.3206978479755731,0.7662470562916168,0.7606476970915357,2.051564839556729
