,RMSE,MSE,MAE,EVS,R2,Max Error
0,0.7284332135259582,0.5306149465677543,0.4871993643826364,0.5867266993965539,0.5844504546380647,3.4719149443142485
