,RMSE,MSE,MAE,EVS,R2,Max Error
0,0.6172375806243167,0.38098223093495986,0.41559128997625094,0.6115607531802794,0.6115552403431274,2.6920634931073466
