,RMSE,MSE,MAE,EVS,R2,Max Error
0,0.533348683277357,0.2844608179536904,0.37779980441707056,0.7003942907635288,0.7002787640690402,2.2562423458524123
