,RMSE,MSE,MAE,EVS,R2,Max Error
0,0.5433882150885309,0.2952707522970995,0.3845690190212953,0.6883750269256821,0.6816037978101057,2.5904712106866263
