,RMSE,MSE,MAE,EVS,R2,Max Error
0,0.5603431815153237,0.31398448107071497,0.38903078927822016,0.6353941852234114,0.6352648556175771,2.4766614097322837
