,RMSE,MSE,MAE,EVS,R2,Max Error
0,0.5787541982625065,0.3349564220064767,0.42465821686198185,0.6848300217264331,0.684304594025392,2.5950579371336726
