,RMSE,MSE,MAE,EVS,R2,Max Error
0,0.5817429960943764,0.33842491350486165,0.4329734046058186,0.6759432848792779,0.6758502072600965,2.546625407534891
