,RMSE,MSE,MAE,EVS,R2,Max Error
0,0.5472180343624027,0.29944757713145176,0.40631563853515196,0.6864896200675561,0.6860222074373792,2.5644829108452614
