,RMSE,MSE,MAE,EVS,R2,Max Error
0,0.571846864831325,0.3270088368174156,0.42615792867401103,0.6650319056163989,0.6649039217169483,2.6063313858323323
