,RMSE,MSE,MAE,EVS,R2,Max Error
0,0.5699663924950154,0.32486168857378184,0.4203043078539608,0.6636213274552059,0.6636148035179656,2.559493647883743
