,RMSE,MSE,MAE,EVS,R2,Max Error
0,0.615394133231854,0.37870993921618484,0.43379957375909933,0.5601278535252175,0.5600775430427571,2.3048262852396384
