,RMSE,MSE,MAE,EVS,R2,Max Error
0,0.7021393789121462,0.49299970741913435,0.49399370342152066,0.4993377721964123,0.4973436099910208,2.9453112011895457
