,RMSE,MSE,MAE,EVS,R2,Max Error
0,0.7531142547715899,0.5671810807401672,0.5091115451635209,0.5617912457608496,0.555813793478635,3.54926335539747
