,RMSE,MSE,MAE,EVS,R2,Max Error
0,0.6645043143528506,0.44156598379355205,0.4801103296124471,0.5350163728882646,0.5347454058533314,2.374329700683046
