,RMSE,MSE,MAE,EVS,R2,Max Error
0,0.684398614109044,0.4684014629943801,0.4862431656730427,0.5012730509549445,0.4949135809850208,2.4496840492432543
