,RMSE,MSE,MAE,EVS,R2,Max Error
0,0.705785567652992,0.49813326750725617,0.5000355142836204,0.519802397352136,0.5196966774014831,4.120638557610924
