,RMSE,MSE,MAE,EVS,R2,Max Error
0,0.6905496640174781,0.47685883847465194,0.4858958686089671,0.5399603855050227,0.5389720609513942,4.020255714471244
