,RMSE,MSE,MAE,EVS,R2,Max Error
0,0.6944904696653869,0.48231701245604963,0.4998179471676601,0.5104536653663203,0.5102470983389074,3.0015841307601874
