,RMSE,MSE,MAE,EVS,R2,Max Error
0,0.6914678072126406,0.4781277284114574,0.4933633764152045,0.47802098324339937,0.4780181762866257,3.172103900419416
