,RMSE,MSE,MAE,EVS,R2,Max Error
0,0.7539645703652985,0.5684625733661292,0.5304168240723605,0.4473363316233864,0.4456257109064289,2.969109269172155
