,RMSE,MSE,MAE,EVS,R2,Max Error
0,0.651436962895073,0.42437011662595675,0.45532504409049984,0.5350527591295327,0.5339340488335139,3.2832161175172496
