,RMSE,MSE,MAE,EVS,R2,Max Error
0,0.7353968067519363,0.5408084633809447,0.5166034328041492,0.5171536426144097,0.5170382988269033,3.495610833966375
