,RMSE,MSE,MAE,EVS,R2,Max Error
0,0.6693102150009328,0.4479761639045949,0.4777733616351033,0.5718603046043877,0.5713299627420321,5.371616879740769
