,RMSE,MSE,MAE,EVS,R2,Max Error
0,0.6983058944712408,0.48763112225327976,0.48958037223761003,0.533561323891091,0.5327800402935257,3.461646127374575
