,RMSE,MSE,MAE,EVS,R2,Max Error
0,0.6377506011860486,0.40672582931316653,0.44796110275231554,0.5416452021492384,0.537814537590832,3.853582031192574
