,RMSE,MSE,MAE,EVS,R2,Max Error
0,0.400260737283034,0.16020865781035798,0.24308285876572241,0.8666651134376948,0.8616346761985727,1.9780779917295814
