,RMSE,MSE,MAE,EVS,R2,Max Error
0,0.2787404158492146,0.07769621942779308,0.21693212904951437,0.9108220422002496,0.9108187627425408,0.9883388112518179
