,RMSE,MSE,MAE,EVS,R2,Max Error
0,0.6401051304263174,0.4097345779980928,0.4324851474736091,0.8616506409610615,0.8471991871961453,2.194623117672096
