,RMSE,MSE,MAE,EVS,R2,Max Error
0,0.22320907874448553,0.04982229283396194,0.17031899681179863,0.8443690166395731,0.8421710298941438,0.5516467819947452
