,RMSE,MSE,MAE,EVS,R2,Max Error
0,0.2053402011160857,0.042164598194394526,0.14446329015129641,0.8921769655878192,0.8867957819532835,0.6724389917939737
