,RMSE,MSE,MAE,EVS,R2,Max Error
0,0.8190890492706493,0.6709068706350961,0.6189518091167024,0.3125495926351427,0.31250096042969633,3.654495797420596
