,RMSE,MSE,MAE,EVS,R2,Max Error
0,0.8226627899728877,0.6767740660059756,0.6140726744183892,0.299350064468928,0.2992193749689863,3.7052862071533226
