,RMSE,MSE,MAE,EVS,R2,Max Error
0,0.8486854374292844,0.7202669717045357,0.6301085714729369,0.3102731107797656,0.3101146509059559,3.860775270071802
