,RMSE,MSE,MAE,EVS,R2,Max Error
0,0.8071570169048247,0.6515024499386954,0.6081820197122574,0.31755133645548494,0.3168844341956579,3.7434187694984606
