,RMSE,MSE,MAE,EVS,R2,Max Error
0,0.8531093202500868,0.7277955122975652,0.6374990799602374,0.31495675072006424,0.31405494976049453,3.7870188185536353
