,RMSE,MSE,MAE,EVS,R2,Max Error
0,0.8820418462276294,0.7779978184966451,0.6590203134419818,0.16311815428990128,0.1602375916213017,3.8747813322205866
