,RMSE,MSE,MAE,EVS,R2,Max Error
0,0.7066586618172774,0.4993664643213853,0.5693986383535716,0.14337192971340817,0.14333132008535554,2.093255994573217
