,RMSE,MSE,MAE,EVS,R2,Max Error
0,0.8335446034579864,0.6947966059539318,0.6175274063449159,0.35040742834846994,0.3492968228372251,3.3030007798465375
