,RMSE,MSE,MAE,EVS,R2,Max Error
0,0.796572024962383,0.6345269909526714,0.5973398906433378,0.34109874692082354,0.3336474414362439,2.750541815796261
