,RMSE,MSE,MAE,EVS,R2,Max Error
0,1.062094654773228,1.128045055697862,0.7013576768110608,0.26003963611664505,0.256014293630341,4.706600998076404
