,RMSE,MSE,MAE,EVS,R2,Max Error
0,0.66558611798379,0.4430048804527316,0.46961191302021854,0.5138467859742704,0.5134683548851728,3.6138404899970213
