,RMSE,MSE,MAE,EVS,R2,Max Error
0,0.6358799318880325,0.40434328777792883,0.46269762972776207,0.543030645182319,0.5405219536972357,3.6246983663104615
