,RMSE,MSE,MAE,EVS,R2,Max Error
0,0.7094130091872186,0.5032668176040647,0.5005390290645217,0.5183191989200521,0.5177988206412205,3.37145982365152
