,RMSE,MSE,MAE,EVS,R2,Max Error
0,0.7469777439996731,0.5579757500308412,0.5302009249610976,0.5024729793180632,0.5017072851198936,3.238937870390998
