,RMSE,MSE,MAE,EVS,R2,Max Error
0,0.2750572120528939,0.07565646990231063,0.21701276352183846,0.7973717797643807,0.7968762449489053,0.6947631864152297
