,RMSE,MSE,MAE,EVS,R2,Max Error
0,0.926253414525417,0.857945387919994,0.6083004087845449,0.7135533311948488,0.6800495743951985,2.732497578919798
