,RMSE,MSE,MAE,EVS,R2,Max Error
0,0.31393516423044443,0.09855528734039613,0.2301337639613923,0.7459475374378834,0.6877927808087893,0.8654546977199449
