,RMSE,MSE,MAE,EVS,R2,Max Error
0,0.4067019861644535,0.16540650555011133,0.29120353721684167,0.858286373463189,0.8571455187746785,1.335455806186235
