,RMSE,MSE,MAE,EVS,R2,Max Error
0,0.4294297596830392,0.18440991850143282,0.28163135874220124,0.7894257670110933,0.7883306959383142,1.7632439474649129
