,RMSE,MSE,MAE,EVS,R2,Max Error
0,0.5958327227067635,0.3550166334481548,0.4468183747585427,0.6600613889906402,0.659958343611176,2.743954238510732
