,RMSE,MSE,MAE,EVS,R2,Max Error
0,0.5629076959652594,0.3168650741769169,0.4245644277230413,0.6683640614447444,0.6677595541653494,2.5242887815818476
