,RMSE,MSE,MAE,EVS,R2,Max Error
0,0.5830399441468638,0.339935576470778,0.4367403219669241,0.648030053024919,0.6480062140156441,2.576174017350609
