,RMSE,MSE,MAE,EVS,R2,Max Error
0,0.5903486862839074,0.34851157139713523,0.43682118560315175,0.6721757746550625,0.6715289070739483,2.650751501129155
