,RMSE,MSE,MAE,EVS,R2,Max Error
0,0.5749848153767607,0.3306075379138476,0.4325103475712668,0.661282437574249,0.6612162212986241,2.6570568068491465
