,RMSE,MSE,MAE,EVS,R2,Max Error
0,0.8166736337581414,0.6669558240757268,0.624401910834601,0.3266708597071736,0.3227617071653318,5.404907744888311
