,RMSE,MSE,MAE,EVS,R2,Max Error
0,0.8056572188673078,0.649083554313005,0.6318023902114352,0.378341758546185,0.3724649116864901,3.896621939245836
