,RMSE,MSE,MAE,EVS,R2,Max Error
0,0.8244802990833843,0.6797677635766267,0.6540411356805569,0.3448548398796717,0.34456351996915957,3.6969401621202773
