,RMSE,MSE,MAE,EVS,R2,Max Error
0,0.7751759500450914,0.6008977535283101,0.6043156325150705,0.34569614708573404,0.34398762796276094,3.201483860927355
