,RMSE,MSE,MAE,EVS,R2,Max Error
0,0.8467541875338125,0.7169926541060468,0.655598342559735,0.30378683564345443,0.30077667109784123,3.719322206765615
