,RMSE,MSE,MAE,EVS,R2,Max Error
0,0.8159393278566848,0.6657569867432186,0.6063345990412599,0.36296172763295265,0.3629346931665156,5.134996596982722
