,RMSE,MSE,MAE,EVS,R2,Max Error
0,0.729279461117246,0.5318485324074607,0.5450907821175018,0.4008191018150725,0.3956305644579279,4.450296381762796
