,RMSE,MSE,MAE,EVS,R2,Max Error
0,0.8492583102609605,0.7212396775473019,0.6044891238570006,0.35856511912533284,0.35590663754754026,4.05294908308685
