,RMSE,MSE,MAE,EVS,R2,Max Error
0,0.7700488097932174,0.5929751694639508,0.5564313273302578,0.34933802742257714,0.34876296528222483,4.0010703409588455
