,RMSE,MSE,MAE,EVS,R2,Max Error
0,0.8231442331450725,0.6775664285599894,0.586443640422007,0.3518011878682854,0.35079500671036434,4.7377425938193225
