,RMSE,MSE,MAE,EVS,R2,Max Error
0,0.665009122815243,0.442237133427499,0.4729854932093953,0.5779201158225342,0.5768216620927261,5.128595948649725
