,RMSE,MSE,MAE,EVS,R2,Max Error
0,0.6343432641436463,0.40239137676441583,0.4490021571370576,0.5462997830363379,0.5427400200931798,3.4853546449539534
