,RMSE,MSE,MAE,EVS,R2,Max Error
0,0.6466389385881212,0.418141916898372,0.4566601515910858,0.5410673310521801,0.5407741907670944,3.304548234031985
