,RMSE,MSE,MAE,EVS,R2,Max Error
0,0.6940162820839103,0.48165859979757375,0.4832572960533298,0.5389138189735316,0.5385025661409459,3.7470672137227243
