,RMSE,MSE,MAE,EVS,R2,Max Error
0,0.7276233619515226,0.5294357568576363,0.511413348874402,0.5275847708165491,0.5271945409372832,3.3075439337014485
