,RMSE,MSE,MAE,EVS,R2,Max Error
0,1.043666342114451,1.0892394336625582,0.7075526254375082,0.28727128420507875,0.28160797712305286,3.8956857791566915
