,RMSE,MSE,MAE,EVS,R2,Max Error
0,0.8541179870239958,0.7295175357579227,0.6306500022379645,0.31901313910357665,0.3167793650029528,3.537872640774032
