,RMSE,MSE,MAE,EVS,R2,Max Error
0,0.666419212410641,0.444114566670019,0.5129932289568505,0.23917036621109589,0.23811656019573757,2.5651494569397695
