,RMSE,MSE,MAE,EVS,R2,Max Error
0,0.8246126298133044,0.6799859892476139,0.6359278906685772,0.28638517296374677,0.28590838501233873,2.83799033902822
