,RMSE,MSE,MAE,EVS,R2,Max Error
0,0.8632828724786018,0.7452573179149059,0.6294333026302634,0.2011048280306731,0.19557733289869195,3.909147541146054
