,precision,recall,f1-score,support,ROC_AUC
Neutral or dissatisfied,0.9580698835274544,0.977921195652174,0.9678937636577576,11776.0,
Satisfied,0.9703230224860177,0.9440310938367572,0.9569965101879996,9005.0,
accuracy,0.9632356479476444,0.9632356479476444,0.9632356479476444,0.9632356479476444,0.9940369876789465
macro avg,0.964196453006736,0.9609761447444656,0.9624451369228786,20781.0,
weighted avg,0.9633795181129826,0.9632356479476444,0.9631716729260714,20781.0,
