,precision,recall,f1-score,support,ROC_AUC
Neutral or dissatisfied,0.9549929676511956,0.9802139945652174,0.967439131710179,11776.0,
Satisfied,0.9731999079825168,0.9395891171571348,0.9560992146448952,9005.0,
accuracy,0.9626100765121988,0.9626100765121988,0.9626100765121988,0.9626100765121988,0.99388187589775
macro avg,0.964096437816856,0.959901555861176,0.9617691731775372,20781.0,
weighted avg,0.9628825541813696,0.9626100765121988,0.9625252222172344,20781.0,
