,precision,recall,f1-score,support,ROC_AUC
Neutral or dissatisfied,0.9531017369727048,0.978515625,0.965641498365876,11776.0,
Satisfied,0.970889425842826,0.937034980566352,0.9536618444846292,9005.0,
accuracy,0.9605408786872623,0.9605408786872623,0.9605408786872623,0.9605408786872623,0.9932603537361491
macro avg,0.9619955814077652,0.957775302783176,0.9596516714252528,20781.0,
weighted avg,0.9608096498871668,0.9605408786872623,0.9604503726644842,20781.0,
