,precision,recall,f1-score,support,ROC_AUC
Neutral or dissatisfied,0.9520423350421696,0.9778343949044586,0.9647660144957896,11775.0,
Satisfied,0.9699516463274236,0.9355913381454748,0.9524617036911424,9005.0,
accuracy,0.9595283926852743,0.9595283926852743,0.9595283926852743,0.9595283926852743,0.9933990576124848
macro avg,0.9609969906847966,0.9567128665249668,0.958613859093466,20780.0,
weighted avg,0.9598033238835416,0.9595283926852743,0.9594339491061916,20780.0,
