,precision,recall,f1-score,support,ROC_AUC
Neutral or dissatisfied,0.9553601062064389,0.9777513586956522,0.9664260533825751,11776.0,
Satisfied,0.9699851071142168,0.9402554136590784,0.9548889139506034,9005.0,
accuracy,0.961503296280256,0.961503296280256,0.961503296280256,0.961503296280256,0.9942085786429037
macro avg,0.9626726066603278,0.9590033861773652,0.9606574836665892,20781.0,
weighted avg,0.9616975362230183,0.961503296280256,0.9614266818131172,20781.0,
