,RMSE,MSE,MAE,EVS,R2,Max Error
0,0.5778751316058357,0.3339396677284619,0.3881628679068431,0.6121374656302045,0.6120842262375144,2.788548881997627
