,RMSE,MSE,MAE,EVS,R2,Max Error
0,0.6087370840779195,0.37056083753168806,0.4203667178922088,0.6221813654381767,0.6221807638639729,2.712298063318546
