,RMSE,MSE,MAE,EVS,R2,Max Error
0,0.530644975146175,0.2815840896478847,0.380646972939427,0.7009980500975752,0.6963623926735059,2.0273371737360915
