,RMSE,MSE,MAE,EVS,R2,Max Error
0,0.5424808247167575,0.2942854451853734,0.37242208540616367,0.6902896554615691,0.689927076839763,2.5178299365598567
