,RMSE,MSE,MAE,EVS,R2,Max Error
0,0.6920365026850462,0.47891452104855003,0.465050882979794,0.6332779469733647,0.6249394918551507,3.588805172238627
