,RMSE,MSE,MAE,EVS,R2,Max Error
0,0.8162995312498363,0.6663449247187025,0.6415766795881864,0.3577267127672574,0.3557765893126218,3.736802031568043
