,RMSE,MSE,MAE,EVS,R2,Max Error
0,0.7975240572675872,0.6360446219205538,0.6330858475651776,0.30644007351830416,0.3056170726256954,3.365582589017095
