,RMSE,MSE,MAE,EVS,R2,Max Error
0,0.8420134850764256,0.708986709050548,0.6557473992443519,0.30913771913621213,0.3085842037422213,3.270682478636705
