,RMSE,MSE,MAE,EVS,R2,Max Error
0,0.8399217061643858,0.7054684724860928,0.6622032260989371,0.3204841014441038,0.31978272999276225,3.601337783871109
