,RMSE,MSE,MAE,EVS,R2,Max Error
0,0.8162604552660746,0.6662811308311793,0.6485599351400599,0.32359005343910374,0.3234468021665752,3.239722641605789
