,RMSE,MSE,MAE,EVS,R2,Max Error
0,0.7953971844065809,0.6326566809619165,0.5933605472753902,0.40452011409960686,0.4037230080784706,3.456468230745654
