,RMSE,MSE,MAE,EVS,R2,Max Error
0,0.7569318107519397,0.5729457661282102,0.5689012390012314,0.3997418667491007,0.3992529556247977,3.434519366933447
