,RMSE,MSE,MAE,EVS,R2,Max Error
0,0.7907580995354268,0.6252983719808799,0.5879179240561722,0.4011291874921107,0.40107737465584214,3.595781693042541
