,RMSE,MSE,MAE,EVS,R2,Max Error
0,0.7642787087140005,0.5841219445935399,0.5738524772284022,0.4014336723447346,0.40143216074110455,3.4732921030459174
