,RMSE,MSE,MAE,EVS,R2,Max Error
0,0.7730668504567019,0.5976323552750447,0.5763503018344703,0.3813365522382156,0.38116840389580664,3.4004272573901595
