,RMSE,MSE,MAE,EVS,R2,Max Error
0,0.3218944499227686,0.10361603689108179,0.18807004998415902,0.8913607145110471,0.8913561604044385,3.205023483634375
