,RMSE,MSE,MAE,EVS,R2,Max Error
0,0.3186212566751136,0.10151950520522861,0.19093160030430031,0.9043181835517377,0.9043181760238462,3.19529470378026
