,RMSE,MSE,MAE,EVS,R2,Max Error
0,0.3317542140007417,0.11006085850724992,0.1907731102717469,0.8946757673367365,0.8945816249033676,3.3501640741202396
