,RMSE,MSE,MAE,EVS,R2,Max Error
0,0.21380333885294564,0.045711867704667494,0.14082054204120112,0.9569226763607563,0.9569167041299375,1.4682927925788607
