,RMSE,MSE,MAE,EVS,R2,Max Error
0,0.21982760265163562,0.048324174887565394,0.1362516411155191,0.9497345346890919,0.9493309717047826,2.1961800700037815
