,RMSE,MSE,MAE,EVS,R2,Max Error
0,0.21850525731269407,0.04774454747328665,0.1383971369068422,0.9510865490507775,0.9510746841785491,2.245689297409941
