,RMSE,MSE,MAE,EVS,R2,Max Error
0,0.23764509904282738,0.05647519309907524,0.14730640573920986,0.9419291202300446,0.9415215164016528,2.133248133581931
