,RMSE,MSE,MAE,EVS,R2,Max Error
0,0.22803914170237466,0.05200185014835571,0.14334091212787956,0.9503227943446777,0.9501916428873111,2.4234223449004095
