,RMSE,MSE,MAE,EVS,R2,Max Error
0,0.6366557568791531,0.40533055276736724,0.45851371350817444,0.5438435957872534,0.53940006889726,3.4433848010040142
