,RMSE,MSE,MAE,EVS,R2,Max Error
0,0.665418413621236,0.4427816651862024,0.47239863461350734,0.5760870543060532,0.5757521980731786,3.1029731577958817
