,RMSE,MSE,MAE,EVS,R2,Max Error
0,0.6331471246215724,0.4008752814165649,0.45140799085943917,0.6164110567743637,0.6164009702595814,4.700811187068039
