,RMSE,MSE,MAE,EVS,R2,Max Error
0,0.6425622619029997,0.4128862604218992,0.4480962653222283,0.5476360865301919,0.5465462337049589,3.342610434142163
