,RMSE,MSE,MAE,EVS,R2,Max Error
0,0.7525349287516202,0.5663088189912061,0.5221155257355771,0.5017553681810056,0.4942655503217166,3.4570048443407635
