,RMSE,MSE,MAE,EVS,R2,Max Error
0,0.6403200527576107,0.4100097699635094,0.4500294812769792,0.5514128636126852,0.549705349318871,3.12507773101835
