,RMSE,MSE,MAE,EVS,R2,Max Error
0,0.6681575323868372,0.44643448808526737,0.4826829299586598,0.5732729048090754,0.5722522742786722,2.944691983963377
