,RMSE,MSE,MAE,EVS,R2,Max Error
0,0.6359038879403407,0.4043737546976413,0.45663518142856147,0.5431360710331674,0.540487332420787,3.497946105934273
