,RMSE,MSE,MAE,EVS,R2,Max Error
0,0.7384517139311081,0.5453109338077912,0.5234078862128991,0.513244239253773,0.513017428363381,3.929580461666307
