,RMSE,MSE,MAE,EVS,R2,Max Error
0,0.6418298008093625,0.4119454932069859,0.4733673428925615,0.6072718887914559,0.6058078439215828,4.902253441583966
