,precision,recall,f1-score,support,ROC_AUC
Neutral or dissatisfied,0.9444444444444444,0.955672554347826,0.9500253250042208,11776.0,
Satisfied,0.9411167512690356,0.9264852859522488,0.9337437045327364,9005.0,
accuracy,0.9430248784947788,0.9430248784947788,0.9430248784947788,0.9430248784947788,0.9883131993397389
macro avg,0.94278059785674,0.9410789201500374,0.9418845147684788,20781.0,
weighted avg,0.943002460081586,0.9430248784947788,0.942970034481834,20781.0,
