,precision,recall,f1-score,support,ROC_AUC
Neutral or dissatisfied,0.9415356306457008,0.956008492569002,0.9487168682314272,11775.0,
Satisfied,0.9412964641885766,0.922376457523598,0.9317404229065008,9005.0,
accuracy,0.9414340712223292,0.9414340712223292,0.9414340712223292,0.9414340712223292,0.9881698749574135
macro avg,0.9414160474171388,0.9391924750463,0.940228645568964,20780.0,
weighted avg,0.941431988011129,0.9414340712223292,0.9413601362703606,20780.0,
