,precision,recall,f1-score,support,ROC_AUC
Neutral or dissatisfied,0.9493288590604028,0.9609375,0.9550979068197164,11776.0,
Satisfied,0.9480871233495092,0.9329261521377012,0.9404455390126498,9005.0,
accuracy,0.9487993840527404,0.9487993840527404,0.9487993840527404,0.9487993840527404,0.9893416323660768
macro avg,0.948707991204956,0.9469318260688506,0.9477717229161832,20781.0,
weighted avg,0.9487907795610236,0.9487993840527404,0.9487486179451368,20781.0,
