,precision,recall,f1-score,support,ROC_AUC
Neutral or dissatisfied,0.9467817633255112,0.9593240489130436,0.9530116416399528,11776.0,
Satisfied,0.9458695897841564,0.9294836202109938,0.9376050184832532,9005.0,
accuracy,0.9463933400702564,0.9463933400702564,0.9463933400702564,0.9463933400702564,0.9892976171526083
macro avg,0.9463256765548338,0.9444038345620188,0.9453083300616028,20781.0,
weighted avg,0.9463864925137168,0.9463933400702564,0.9463355124100756,20781.0,
