,RMSE,MSE,MAE,EVS,R2,Max Error
0,0.7441179220499843,0.5537114819159865,0.5910295295677157,0.05054658320122185,0.05010184271952556,2.9001433506424963
