,RMSE,MSE,MAE,EVS,R2,Max Error
0,0.8749748687510609,0.7655810209459363,0.6376143852816086,0.2855475465645647,0.2830045535109129,3.710281420391431
