,RMSE,MSE,MAE,EVS,R2,Max Error
0,1.0484670440248873,1.0992831424062852,0.6842433798712281,0.2758050079408154,0.274983795130916,4.279142388554818
