,RMSE,MSE,MAE,EVS,R2,Max Error
0,0.8843984733870217,0.7821606597292946,0.6687126903550333,0.16484357406355699,0.15574426593822588,3.4537783687610917
