,RMSE,MSE,MAE,EVS,R2,Max Error
0,0.8115978777077826,0.6586911150997768,0.6247694330702774,0.30829767878110914,0.308271332648971,2.7722675278061435
