,RMSE,MSE,MAE,EVS,R2,Max Error
0,0.7031340670397075,0.4943975162317999,0.48136980092011455,0.6186394875777721,0.6128140294066124,3.6244504126541686
