,RMSE,MSE,MAE,EVS,R2,Max Error
0,0.5565054624579668,0.30969832974555556,0.39569687976752516,0.6743276260354569,0.6736873400532679,2.899319531176726
