,RMSE,MSE,MAE,EVS,R2,Max Error
0,0.631280743438019,0.3985153770356579,0.4424777868265063,0.594118326942383,0.5936786619357812,2.6750387376294413
