,RMSE,MSE,MAE,EVS,R2,Max Error
0,0.5749906826631662,0.3306142851494539,0.4203092756460935,0.6463074957526128,0.6434921780691825,2.3913256183808276
