,RMSE,MSE,MAE,EVS,R2,Max Error
0,0.5857817281087916,0.34314023298612223,0.4145840615904817,0.6025236312436724,0.6013965340107865,2.5596833485330954
