,RMSE,MSE,MAE,EVS,R2,Max Error
0,0.1430690945392856,0.02046876581229104,0.07185013426348012,0.9798904735589365,0.9798901794750107,2.8021672932067636
