,RMSE,MSE,MAE,EVS,R2,Max Error
0,0.13493719038846688,0.018208045349933363,0.06951325913347363,0.9815559958865998,0.9815559674465846,1.7448993605364667
