,RMSE,MSE,MAE,EVS,R2,Max Error
0,0.13573241522843368,0.018423288543743938,0.06981748794485895,0.9811348684598481,0.9811333309144766,2.1147232302341887
