,RMSE,MSE,MAE,EVS,R2,Max Error
0,0.13670927813405592,0.018689426727934663,0.0718923072491859,0.9811106834752856,0.9811031891115868,1.5467366880445086
