,RMSE,MSE,MAE,EVS,R2,Max Error
0,0.1402128716333931,0.01965964937168237,0.07292550328171543,0.9809035360500187,0.9809011082912361,1.6899904843849214
