,RMSE,MSE,MAE,EVS,R2,Max Error
0,0.2877547654502407,0.08280280503932302,0.19244115074917623,0.9131961938466764,0.9131793210908934,2.016017099308312
