,RMSE,MSE,MAE,EVS,R2,Max Error
0,0.301591990816201,0.0909577289244795,0.2070282555520299,0.9058159603430039,0.9058158145697394,1.8385035385891524
