,RMSE,MSE,MAE,EVS,R2,Max Error
0,0.2999255724882696,0.08995534903241627,0.20348802499763885,0.915273698529693,0.9152173579408873,1.9185744612818896
