,RMSE,MSE,MAE,EVS,R2,Max Error
0,0.298741018770069,0.08924619629577872,0.203808855764603,0.9145552420894792,0.9145183026494714,2.455807610854196
