,RMSE,MSE,MAE,EVS,R2,Max Error
0,0.2920145471170627,0.08527249572798322,0.19644356653865852,0.9126190741412183,0.9126186338511398,2.2701593346398816
