,RMSE,MSE,MAE,EVS,R2,Max Error
0,0.6272325314969823,0.39342064856811293,0.42114493445257306,0.5988820168118965,0.5988731839223732,2.9143250709519664
