,RMSE,MSE,MAE,EVS,R2,Max Error
0,0.6228926787062002,0.3879952891857856,0.4236843467950051,0.5493218757343334,0.5492913619861179,2.7672763723101035
