,RMSE,MSE,MAE,EVS,R2,Max Error
0,0.5661977075721402,0.3205798440599467,0.3949836478154776,0.662186818511098,0.6543125113028059,2.5028792822047836
