,RMSE,MSE,MAE,EVS,R2,Max Error
0,0.6031152958956021,0.3637480601432396,0.41322736996804077,0.6179846983193074,0.6167380135587968,2.3417850153190294
