,RMSE,MSE,MAE,EVS,R2,Max Error
0,0.6965731572317222,0.4852141633757696,0.471339831811517,0.627218277831016,0.6200059453692253,3.4364130735686467
