,RMSE,MSE,MAE,EVS,R2,Max Error
0,0.9304203491342657,0.865682026083129,0.6438241138961528,0.17670697147001624,0.17162568842917425,5.926144720010545
