,RMSE,MSE,MAE,EVS,R2,Max Error
0,0.9077508024129884,0.8240115192814244,0.6061903847357792,0.06787597856745264,0.06362931089796553,5.5231555939101185
