,RMSE,MSE,MAE,EVS,R2,Max Error
0,0.9600844478326145,0.9217621469700562,0.6674537805068043,0.17781296207020847,0.1768327518498114,4.715003401037776
