,RMSE,MSE,MAE,EVS,R2,Max Error
0,0.9806400180162168,0.961654844934846,0.6822838807307381,0.0787017451693326,0.07859790444502823,5.926340210502144
