,RMSE,MSE,MAE,EVS,R2,Max Error
0,0.8765686586320661,0.7683726132960197,0.6026034516890881,0.1590749687811568,0.15613211478382416,4.309503766636849
