,RMSE,MSE,MAE,EVS,R2,Max Error
0,0.6437278527565218,0.4143855484145222,0.45217426687787243,0.5466339449829416,0.5448996354715347,3.100183931181851
