,RMSE,MSE,MAE,EVS,R2,Max Error
0,0.6722231495307445,0.4518839627650337,0.4874532901709694,0.5675161663686097,0.5670309025816882,3.0781169087804834
