,RMSE,MSE,MAE,EVS,R2,Max Error
0,0.6438826612944041,0.4145848815155643,0.47447501074324844,0.6047508617180932,0.6032822035510887,4.901840645121308
