,RMSE,MSE,MAE,EVS,R2,Max Error
0,0.6301624714309574,0.39710474039997223,0.4544476330763783,0.5512755657080357,0.5487475226823704,3.5396433483116767
