,RMSE,MSE,MAE,EVS,R2,Max Error
0,0.736488300285986,0.5424150164581406,0.5205642034644746,0.5158161090895366,0.5156035882782986,4.030221115989971
