,RMSE,MSE,MAE,EVS,R2,Max Error
0,0.7373431907274675,0.5436749809121625,0.5218944539448337,0.5148537707300657,0.5144783940231499,3.9401128264234244
