,RMSE,MSE,MAE,EVS,R2,Max Error
0,0.6407499251167572,0.4105604665371299,0.449302455789982,0.5512031750098678,0.5491005448985475,3.0776855336587596
