,RMSE,MSE,MAE,EVS,R2,Max Error
0,0.6238613087521484,0.38920293255794347,0.4512170314141229,0.559861608006812,0.5577267918807483,3.5536179529230445
