,RMSE,MSE,MAE,EVS,R2,Max Error
0,0.6447152163128339,0.41565771014530417,0.4796540601997544,0.6031947668565913,0.6022556098933513,4.740525523463303
