,RMSE,MSE,MAE,EVS,R2,Max Error
0,0.6922708541387421,0.47923893548998353,0.49768448640377083,0.54143677140517,0.5408209486409626,3.1417835828379843
