,RMSE,MSE,MAE,EVS,R2,Max Error
0,0.39825470076095476,0.15860680667819763,0.26221430530632783,0.8435340078241551,0.8435201136455259,3.3480442073485186
