,RMSE,MSE,MAE,EVS,R2,Max Error
0,0.38697270320492133,0.14974787302572412,0.2493770670355469,0.8458862914551818,0.8458666745832918,2.7662243451762394
