,RMSE,MSE,MAE,EVS,R2,Max Error
0,0.39261452718392137,0.15414616695585415,0.2558215922685856,0.8507560362656865,0.8507558415595977,3.380478803406329
