,RMSE,MSE,MAE,EVS,R2,Max Error
0,0.3876473477034538,0.15027046618152243,0.2533072373359204,0.8467224507166684,0.8467056557132573,2.8398726573344586
