,RMSE,MSE,MAE,EVS,R2,Max Error
0,0.37031586516900056,0.1371338399958654,0.24313137424429676,0.8630572053129479,0.8630551652660661,3.128645563130725
