,RMSE,MSE,MAE,EVS,R2,Max Error
0,0.4792836818387103,0.22971284767687009,0.32686625864312124,0.7736344834024963,0.7733676060222934,3.322825602580748
