,RMSE,MSE,MAE,EVS,R2,Max Error
0,0.4649614838642059,0.21618918147720417,0.3203236943428536,0.782498618161073,0.7794604644641033,3.217903401176718
