,RMSE,MSE,MAE,EVS,R2,Max Error
0,0.4568047343688541,0.20867056534179934,0.31661390890376956,0.7864357143285478,0.7852183974112877,3.1919726706210922
