,RMSE,MSE,MAE,EVS,R2,Max Error
0,0.44777633912149023,0.20050364987704383,0.30142267456788324,0.8018555218433067,0.7997726950781062,3.159399538522149
