,RMSE,MSE,MAE,EVS,R2,Max Error
0,0.45694616288350953,0.20879979577396285,0.31043295295147455,0.7978781252541067,0.797840255011093,3.3567463741528534
