,RMSE,MSE,MAE,EVS,R2,Max Error
0,0.6308599450960469,0.3979842703265874,0.4497248547078833,0.5505531437889977,0.5477480633007967,3.503289270013589
