,RMSE,MSE,MAE,EVS,R2,Max Error
0,0.6523103673851288,0.42550881539812174,0.45616843961046816,0.5334452180575779,0.5326834689610179,3.47559303217338
