,RMSE,MSE,MAE,EVS,R2,Max Error
0,0.6923879938588883,0.4794011340399359,0.4864212062528499,0.5412653215762777,0.5406655393643295,3.2788635377406643
