,RMSE,MSE,MAE,EVS,R2,Max Error
0,0.746507558577916,0.5572735350139606,0.528861675196397,0.5023523762933592,0.5023343887658345,3.4675736403124056
