,RMSE,MSE,MAE,EVS,R2,Max Error
0,0.661674116492954,0.4378126364367313,0.469501221256959,0.5816740204417041,0.5810554795203071,5.361370526337189
