,RMSE,MSE,MAE,EVS,R2,Max Error
0,0.2596976863341452,0.06744288828730806,0.16698643137516345,0.9316865546451627,0.9316830113743084,2.2680420139065434
