,RMSE,MSE,MAE,EVS,R2,Max Error
0,0.2765197977967763,0.07646319857357005,0.16742139214000393,0.9248779039188242,0.9248776787920556,2.6971259638133205
