,RMSE,MSE,MAE,EVS,R2,Max Error
0,0.2691502443250997,0.07244185402026088,0.16934171934835857,0.9267718038508685,0.9267543068198656,2.644625565173292
