,RMSE,MSE,MAE,EVS,R2,Max Error
0,0.27738778211540516,0.07694398166690347,0.16972044286612778,0.925304758375241,0.9252507129850429,2.8199846516254987
