,RMSE,MSE,MAE,EVS,R2,Max Error
0,0.2588629347039623,0.06701001896354786,0.1667467209527358,0.9313777368329217,0.9313772972616655,2.5705298170875666
