,RMSE,MSE,MAE,EVS,R2,Max Error
0,0.8575526046229525,0.7353964696956099,0.5817604818557779,0.36040016517465123,0.32358524482562123,3.29344921322921
