,RMSE,MSE,MAE,EVS,R2,Max Error
0,0.9352235932583773,0.8746431693871107,0.6406250217711805,0.17366950811346993,0.1728407598642273,3.450116269507106
