,RMSE,MSE,MAE,EVS,R2,Max Error
0,0.8334002164674194,0.6945559208079414,0.6429638842777834,0.3247482752140727,0.3200445043196575,2.835006331329941
