,RMSE,MSE,MAE,EVS,R2,Max Error
0,0.8296506025628821,0.6883201223329534,0.6058800237117844,0.2890482007710464,0.28902838688747823,3.057630764298412
