,RMSE,MSE,MAE,EVS,R2,Max Error
0,0.7852751590134833,0.6166570753636516,0.5659067652945925,0.2717747600830813,0.27177468072057076,2.81871882129134
