,RMSE,MSE,MAE,EVS,R2,Max Error
0,0.3731965301066615,0.1392756500836523,0.20913174676549148,0.8564311446070163,0.8563298968137195,1.819955139698546
