,RMSE,MSE,MAE,EVS,R2,Max Error
0,0.38345733855963354,0.1470395304952374,0.2185767399741726,0.7990304580410126,0.7987043105838202,1.8901488996719715
