,RMSE,MSE,MAE,EVS,R2,Max Error
0,0.37305891789375806,0.13917295622006173,0.23769519814991336,0.8822573131985995,0.8791883423637208,2.0197322226436594
