,RMSE,MSE,MAE,EVS,R2,Max Error
0,0.4189318355463573,0.17550388283424018,0.21816686623952886,0.8403081257983656,0.8385966666637765,2.5704783982785555
