,RMSE,MSE,MAE,EVS,R2,Max Error
0,0.35807043376154407,0.12821443553418033,0.21343557169218363,0.8813631328503164,0.8807999673366547,1.8191671135670895
