,precision,recall,f1-score,support,ROC_AUC
Neutral or dissatisfied,0.9550729442970822,0.9784307065217392,0.9666107382550336,11776.0,
Satisfied,0.9708615349317424,0.939811215991116,0.955084076289358,9005.0,
accuracy,0.9616957797988548,0.9616957797988548,0.9616957797988548,0.9616957797988548,0.9946749135821283
macro avg,0.9629672396144124,0.9591209612564277,0.9608474072721958,20781.0,
weighted avg,0.961914590929348,0.9616957797988548,0.961615906870552,20781.0,
