,precision,recall,f1-score,support,ROC_AUC
Neutral or dissatisfied,0.9574115502527136,0.9812330163043478,0.9691759278674774,11776.0,
Satisfied,0.9746326905417816,0.9429205996668516,0.9585144211774002,9005.0,
accuracy,0.9646311534574852,0.9646311534574852,0.9646311534574852,0.9646311534574852,0.995263755567559
macro avg,0.9660221203972474,0.9620768079855996,0.9638451745224388,20781.0,
weighted avg,0.9648739615083344,0.9646311534574852,0.9645559929392186,20781.0,
