,precision,recall,f1-score,support,ROC_AUC
Neutral or dissatisfied,0.958454507685916,0.9795346467391304,0.9688799294443744,11776.0,
Satisfied,0.9724445460782072,0.9444752915047196,0.9582558729085686,9005.0,
accuracy,0.9643424281795872,0.9643424281795872,0.9643424281795872,0.9643424281795872,0.9955106273990295
macro avg,0.9654495268820616,0.962004969121925,0.9635679011764716,20781.0,
weighted avg,0.9645167903346136,0.9643424281795872,0.9642762227360864,20781.0,
