,precision,recall,f1-score,support,ROC_AUC
Neutral or dissatisfied,0.9578938626359936,0.9794497282608696,0.9685518747113406,11776.0,
Satisfied,0.9723112128146452,0.9436979455857856,0.9577909270216964,9005.0,
accuracy,0.9639574611423896,0.9639574611423896,0.9639574611423896,0.9639574611423896,0.9954638161468266
macro avg,0.9651025377253196,0.9615738369233277,0.9631714008665184,20781.0,
weighted avg,0.9641413116691854,0.9639574611423896,0.9638888491617884,20781.0,
