,precision,recall,f1-score,support,ROC_AUC
Neutral or dissatisfied,0.9555610724925522,0.9806369426751592,0.967936627687665,11775.0,
Satisfied,0.9737810487580496,0.9403664630760687,0.956782102706062,9005.0,
accuracy,0.9631857555341676,0.9631857555341676,0.9631857555341676,0.9631857555341676,0.9947279395381902
macro avg,0.964671060625301,0.960501702875614,0.9623593651968634,20780.0,
weighted avg,0.9634566878087604,0.9631857555341676,0.9631028212651752,20780.0,
