,RMSE,MSE,MAE,EVS,R2,Max Error
0,0.7368444189079941,0.5429396976758596,0.5426983840183686,0.44646161101601156,0.4464254150270883,3.460247765120326
