,RMSE,MSE,MAE,EVS,R2,Max Error
0,0.8182774162693716,0.6695779299764785,0.5941402138652038,0.486542440221042,0.47562200012286593,4.307724656049003
