,RMSE,MSE,MAE,EVS,R2,Max Error
0,0.7219171915872802,0.5211644315092657,0.5532501785075623,0.4513744466103933,0.4508767546304291,2.7646038071487
