,RMSE,MSE,MAE,EVS,R2,Max Error
0,0.7050652151379079,0.49711695759746427,0.5341507241787841,0.42253202126353484,0.4225318885635423,2.769962098730034
