,RMSE,MSE,MAE,EVS,R2,Max Error
0,0.7051066167819899,0.49717534102974403,0.532354716095014,0.4719014446640213,0.4638861479681643,2.8398649955652973
