,RMSE,MSE,MAE,EVS,R2,Max Error
0,0.29557738129042443,0.08736598833050495,0.22237288323571391,0.9246022212436341,0.9245457553305806,1.0185810487214684
