,RMSE,MSE,MAE,EVS,R2,Max Error
0,0.2901860523714899,0.08420794499094908,0.22584553410205555,0.7560338611758148,0.7332428421762138,0.6983201534087707
