,RMSE,MSE,MAE,EVS,R2,Max Error
0,0.6229236366046215,0.3880338570407265,0.3843358828959124,0.8555555119988006,0.855291957440034,2.178037767635475
