,RMSE,MSE,MAE,EVS,R2,Max Error
0,0.2818737761828646,0.07945282569958764,0.2115737268458877,0.7953816943797554,0.7866837254453043,0.7046726464055508
