,RMSE,MSE,MAE,EVS,R2,Max Error
0,0.33740829558946456,0.11384435793258747,0.2358323032267607,0.8732908924952159,0.8693272237699459,1.140455348345934
