,precision,recall,f1-score,support,ROC_AUC
Neutral or dissatisfied,0.949091215079098,0.9577955163043478,0.9534234995773456,11776.0,
Satisfied,0.9441384736428008,0.9328151027207108,0.9384426321081444,9005.0,
accuracy,0.9469707906260526,0.9469707906260526,0.9469707906260526,0.9469707906260526,0.9893266997275064
macro avg,0.9466148443609494,0.9453053095125292,0.9459330658427452,20781.0,
weighted avg,0.9469450509563966,0.9469707906260526,0.9469318624299438,20781.0,
