,precision,recall,f1-score,support,ROC_AUC
Neutral or dissatisfied,0.9558300896936875,0.9592391304347826,0.9575315758243622,11776.0,
Satisfied,0.9464465022871806,0.9420322043309272,0.9442341941228852,9005.0,
accuracy,0.9517828785910206,0.9517828785910206,0.9517828785910206,0.9517828785910206,0.9918520790834802
macro avg,0.951138295990434,0.9506356673828548,0.9508828849736236,20781.0,
weighted avg,0.9517639136388492,0.9517828785910206,0.951769441075226,20781.0,
