,precision,recall,f1-score,support,ROC_AUC
Neutral or dissatisfied,0.9510865005453476,0.9626358695652174,0.9568263346697616,11776.0,
Satisfied,0.9503498081697134,0.935258189894503,0.9427436055297476,9005.0,
accuracy,0.9507723401183774,0.9507723401183774,0.9507723401183774,0.9507723401183774,0.9906349723809837
macro avg,0.9507181543575304,0.9489470297298602,0.9497849700997544,20781.0,
weighted avg,0.9507672707276013,0.9507723401183774,0.95072388647642,20781.0,
