,precision,recall,f1-score,support,ROC_AUC
Neutral or dissatisfied,0.9476409185803758,0.9637367303609342,0.955621052631579,11775.0,
Satisfied,0.9515048268029528,0.9303720155469184,0.9408197641774284,9005.0,
accuracy,0.9492781520692974,0.9492781520692974,0.9492781520692974,0.9492781520692974,0.9911086716391342
macro avg,0.9495728726916643,0.9470543729539262,0.9482204084045036,20780.0,
weighted avg,0.9493153407913628,0.9492781520692974,0.9492069235396816,20780.0,
