,precision,recall,f1-score,support,ROC_AUC
Neutral or dissatisfied,0.9545993562595292,0.95703125,0.9558137562547708,11776.0,
Satisfied,0.9436211699164344,0.9404775124930594,0.9420467185761956,9005.0,
accuracy,0.9498580434050334,0.9498580434050334,0.9498580434050334,0.9498580434050334,0.9902018127006735
macro avg,0.9491102630879816,0.9487543812465298,0.9489302374154832,20781.0,
weighted avg,0.94984219500552,0.9498580434050334,0.9498481061755846,20781.0,
