,RMSE,MSE,MAE,EVS,R2,Max Error
0,0.6105337880551915,0.37275150635702153,0.4319201235804905,0.5774856270490273,0.5764214738457554,3.472324133387044
