,RMSE,MSE,MAE,EVS,R2,Max Error
0,0.6655599999580907,0.4429701135442137,0.4725582756003799,0.5756145214498709,0.5755716377475169,2.972959657870409
