,RMSE,MSE,MAE,EVS,R2,Max Error
0,0.6467880921443723,0.41833483613975697,0.4682235108239944,0.6007150107744035,0.5996938581925827,4.795269803881859
