,RMSE,MSE,MAE,EVS,R2,Max Error
0,0.6302008517933886,0.39715311360111255,0.4398288345865733,0.5648384228758481,0.5638252167214162,3.072115372020136
