,RMSE,MSE,MAE,EVS,R2,Max Error
0,0.7205311041578055,0.5191650720588664,0.5115744488286253,0.5363716649163744,0.5363666374159815,3.4160728678515175
