,RMSE,MSE,MAE,EVS,R2,Max Error
0,0.6364717371730576,0.40509627222008976,0.4395992589194907,0.557748657979484,0.5577481112516357,3.2494445604666176
