,RMSE,MSE,MAE,EVS,R2,Max Error
0,0.6746140660199172,0.4551041380719253,0.47041017498478593,0.5618945406293061,0.5600045424366296,3.8360081989818724
