,RMSE,MSE,MAE,EVS,R2,Max Error
0,0.6681830122050708,0.4464685377994418,0.4613375599808429,0.5695191528952734,0.5695121443828287,3.8906816156977677
