,RMSE,MSE,MAE,EVS,R2,Max Error
0,0.7110374293912816,0.5055742259953617,0.4851110176701523,0.5075425065604153,0.5069554879214657,3.148272032158616
