,RMSE,MSE,MAE,EVS,R2,Max Error
0,0.6532557462022613,0.42674306994627326,0.4551406692144877,0.5668987916596573,0.5666778252218615,3.0530971031598555
